path	repository	head	branch	changed_entries	staged	unstaged	untracked
applications/sample/camera	applications_sample_camera	e0ccd1d7670880906ca90f3bf2b90e614e76f03a	DETACHED	0	0	0	0
applications/sample/camera/communication	applications_camera_sample_communication	34195bfe52d168a279987ce3655af7ccb0fe6bd3	DETACHED	0	0	0	0
applications/sample/camera/screensaver	applications_camera_screensaver_app	21efcb82d22d179c3b8952e8590d80629cf26edc	DETACHED	0	0	0	0
applications/sample/wifi-iot	applications_sample_wifi_iot	40b972ac47c5df072a71a1ebdca8344ee1a33d3c	DETACHED	0	0	0	0
applications/standard/admin_provisioning	applications_admin_provisioning	664e922857762722a394812ab8ad4b80ed3ecafb	DETACHED	0	0	0	0
applications/standard/app_samples	applications_app_samples	89be0227b34d972e4c5dce8769571bd8018d1c29	DETACHED	10	10	0	0
applications/standard/applications_cangjie_wrapper	applications_applications_cangjie_wrapper	f6ba5ed21ef27d04ce81eed5fbde4ddee241bb88	DETACHED	0	0	0	0
applications/standard/auth_widget	applications_auth_widget	f1fe362bf9b1b65eddaf1058f7b56100bc4ad233	DETACHED	0	0	0	0
applications/standard/calendardata	applications_calendar_data	b7103c86ad7472e85a3f1347f720b9fb24b01f46	DETACHED	0	0	0	0
applications/standard/call	applications_call	76992727c045c9454016c244ea30916af695f397	DETACHED	0	0	0	0
applications/standard/camera	applications_camera	d329b7437501fa1ccb646f260df6097b41423196	DETACHED	0	0	0	0
applications/standard/contacts	applications_contacts	b9ab40d260a52afbe1ce63e08c9d0d8fc9efd6e2	DETACHED	0	0	0	0
applications/standard/contacts_data	applications_contacts_data	47f8656748342f050b6927e8e2f9d6bb3bc80aec	DETACHED	0	0	0	0
applications/standard/dlp_manager	applications_dlp_manager	59ff97410a6006b90553fc3c30bbb0327d0c1e1a	DETACHED	0	0	0	0
applications/standard/filepicker	applications_filepicker	2255fe0ce2e7e42ac015844f0027836f0b66d35c	DETACHED	0	0	0	0
applications/standard/hap	applications_hap	2f23504987fdd08a4d6f16489183b41bf2f020fc	DETACHED	0	0	0	0
applications/standard/launcher	applications_launcher	f75dfb6bf7276e942793b75e7a9081bbcd015843	DETACHED	0	0	0	0
applications/standard/mms	applications_mms	1073abdf51f41e0f6d44d63b344d30d5b95f023d	DETACHED	0	0	0	0
applications/standard/notes	applications_notes	4b3e0ef787f927b5c2d2f88428eb927b4498e240	DETACHED	0	0	0	0
applications/standard/permission_manager	applications_permission_manager	909d6e168c77f37fa102649986aaa1a711560e3c	DETACHED	0	0	0	0
applications/standard/photos	applications_photos	44ba19f89ff7f3df9cd8b29906ad26380920b4f3	DETACHED	0	0	0	0
applications/standard/printspooler	applications_print_spooler	6c3221b6661632ee5fe2ab2c5690bc0ba00896c7	DETACHED	0	0	0	0
applications/standard/screenlock	applications_screenlock	a190db88978d1014985dd89e45bf8e2a6be2fb14	DETACHED	0	0	0	0
applications/standard/screenshot	applications_screenshot	4deb15246a0cca41bbe0f7a1b29a8c4241bb675a	DETACHED	0	0	0	0
applications/standard/security_privacy_center	security_privacy_center	dd503cb80193d0a52782d63a850f3635b2fa43f0	DETACHED	0	0	0	0
applications/standard/settings	applications_settings	ca77a1352f64b8364ac4b4937a425a549e4b522b	DETACHED	0	0	0	0
applications/standard/settings_data	applications_settings_data	a73a972877887fb7046254ac7bdec051f5928cca	DETACHED	0	0	0	0
applications/standard/systemui	applications_systemui	8b0271b62a72516686eb6ea94bcd43c6f7d6e397	DETACHED	0	0	0	0
applications/standard/theme	applications_theme	5eec62ecb59d8c5751aef30d39c7b2a2cefb16ab	DETACHED	0	0	0	0
applications/standard/user_certificate_manager	applications_user_certificate_manager	0476cf0e168aaf5b77eb6a33dfa7fa871fb3a8e0	DETACHED	0	0	0	0
arkcompiler/cangjie_ark_interop	arkcompiler_cangjie_ark_interop	cd101ecd30b43ab4bda1646852b26e6a68520de1	DETACHED	0	0	0	0
arkcompiler/ets_frontend	arkcompiler_ets_frontend	2cd7f772ad9fd524413f8452697ec26155f60f7b	DETACHED	4	0	3	1
arkcompiler/ets_runtime	arkcompiler_ets_runtime	b5c03a64b5a6dcb713a8af594fa699e634536650	DETACHED	0	0	0	0
arkcompiler/jsvm	arkcompiler_jsvm	e20b0a272567c4beef2ab5489f7fe4855732fb24	DETACHED	0	0	0	0
arkcompiler/runtime_core	arkcompiler_runtime_core	84486e46b729e8a6f8087fb5681197e3537c4a2d	DETACHED	1	0	1	0
arkcompiler/taihe_ffi_gen	arkcompiler_taihe_ffi_gen	4ea1336bb4da40cb94165f3e4b43b5bc082aa8ab	DETACHED	0	0	0	0
arkcompiler/toolchain	arkcompiler_toolchain	7ca05431663ba2dd078c613c0e8f01345c997dad	DETACHED	0	0	0	0
base/accesscontrol/accesscontrol_cangjie_wrapper	accesscontrol_accesscontrol_cangjie_wrapper	6fcccf16c9dc47ab9e9f7f4ddec7a5ecafa28711	DETACHED	0	0	0	0
base/accesscontrol/sandbox_manager	accesscontrol_sandbox_manager	4b63d8b3cdf58b91fca00e6b0b53f6713ae4e635	DETACHED	0	0	0	0
base/account/os_account	account_os_account	34c12bb9cec96cd49e0a2653a7eaf8347fd19a1c	DETACHED	0	0	0	0
base/customization/config_policy	customization_config_policy	17f99eaa6620e664e4f793bc3d1b35e7dce58d6f	DETACHED	0	0	0	0
base/customization/enterprise_device_management	customization_enterprise_device_management	71d11227f85e03f318336a2079faa45ffd5a802d	DETACHED	0	0	0	0
base/global/font_manager	global_font_manager	e72efd7d188f10830c575be6bc4929a59b58d7f5	DETACHED	0	0	0	0
base/global/global_cangjie_wrapper	global_global_cangjie_wrapper	0346fab46a8d871ee5a94d58a0ef4b633faa635d	DETACHED	0	0	0	0
base/global/i18n	global_i18n	c0b1a205f8bdedc5a5b64410a4dd40196f4dda1e	DETACHED	0	0	0	0
base/global/i18n_lite	global_i18n_lite	bbd0a3da059dfff422b07079a48d1cfe77c8e0fd	DETACHED	0	0	0	0
base/global/resource_management	global_resource_management	829ee9e931ad262ef0d8db9b0abe76dae951f349	DETACHED	0	0	0	0
base/global/resource_management_lite	global_resource_management_lite	ebc648bca4c060f822b4bccc6251e04964ba4a7f	DETACHED	0	0	0	0
base/global/system_resources	global_system_resources	5b457a9bba6e2f8b48b27e0245be53a7ccf4c005	DETACHED	0	0	0	0
base/global/timezone	global_timezone	b1c72659684ff40caea361e41091c937c11c673f	DETACHED	0	0	0	0
base/hiviewdfx/blackbox_lite	hiviewdfx_blackbox_lite	ef56860326e3dbef4a5989c5bd1555222e526731	DETACHED	0	0	0	0
base/hiviewdfx/faultloggerd	hiviewdfx_faultloggerd	55120e8dcdb4381fbea46ec0baf05acd78f0fe52	DETACHED	0	0	0	0
base/hiviewdfx/hiappevent	hiviewdfx_hiappevent	70a54bceab076f93932038ee58fae48d63cc62a7	DETACHED	0	0	0	0
base/hiviewdfx/hichecker	hiviewdfx_hichecker	c5b0c40c790d0fde605cca7921721fb79b9cd1cd	DETACHED	0	0	0	0
base/hiviewdfx/hicollie	hiviewdfx_hicollie	e3e63ffc48a14e53fb38365eda431cf78e492e84	DETACHED	0	0	0	0
base/hiviewdfx/hidumper	hiviewdfx_hidumper	261b4e4bd9cae3b53ae08215a63823b8d3c361dd	DETACHED	0	0	0	0
base/hiviewdfx/hidumper_lite	hiviewdfx_hidumper_lite	55c6b4c79207f7ff08e0cdcbe31e44305d3a023f	DETACHED	0	0	0	0
base/hiviewdfx/hievent_lite	hiviewdfx_hievent_lite	33dd0cdbf0c7db150654242eaacc3f8202d3560a	DETACHED	0	0	0	0
base/hiviewdfx/hilog	hiviewdfx_hilog	4b6990cd031c0ea6f1cb4ff1fc4ac17103703442	DETACHED	0	0	0	0
base/hiviewdfx/hilog_lite	hiviewdfx_hilog_lite	88291aa0b5818c6b1729c19c9a229bf65bf3cb80	DETACHED	0	0	0	0
base/hiviewdfx/hisysevent	hiviewdfx_hisysevent	c3429a61d75ab74f3fa885ce8e49c761b1856426	DETACHED	0	0	0	0
base/hiviewdfx/hitrace	hiviewdfx_hitrace	1cc8069b5eb839c5a0674aec6585bae85bc9bdf9	DETACHED	0	0	0	0
base/hiviewdfx/hiview	hiviewdfx_hiview	a6624f1d25522aac18c59c22746cbbc16335026e	thread-leak-detector-plugin	0	0	0	0
base/hiviewdfx/hiview_lite	hiviewdfx_hiview_lite	dc7e454a43b8c85f08c4bfd56921931d815854a2	DETACHED	0	0	0	0
base/hiviewdfx/hiviewdfx_api_metrics	hiviewdfx_api_metrics	55d6bf786db27a5c0df1e21d13db52b02d7a2039	DETACHED	0	0	0	0
base/hiviewdfx/hiviewdfx_cangjie_wrapper	hiviewdfx_hiviewdfx_cangjie_wrapper	2a8a6db8226e9fd5056b05551ab2af0c14441763	DETACHED	0	0	0	0
base/inputmethod/imf	inputmethod_imf	c26713cc5b7c0ca9d124663efd7752bea5dc15ec	DETACHED	0	0	0	0
base/iothardware/peripheral	iothardware_peripheral	0f99eeccee730cdaedfa1f333881dae6f48c3a30	DETACHED	0	0	0	0
base/location/location	base_location	0c69555e1b8f15d88408d849df122bd389fd6fb4	DETACHED	0	0	0	0
base/location/location_cangjie_wrapper	location_location_cangjie_wrapper	ddeefa4b42e43d360c7220c3d7019edbe1b44afa	DETACHED	0	0	0	0
base/msdp/device_status	msdp_device_status	7af3adbe84a0f42ae39a111a7c111233cb54872c	DETACHED	0	0	0	0
base/notification/common_event_service	notification_common_event_service	8097c27ea8e80f33192906d2b65eb8deddf944c9	DETACHED	0	0	0	0
base/notification/distributed_notification_service	notification_distributed_notification_service	1b8451b1729f9df50fdf13598b26b493f1fcbee7	DETACHED	0	0	0	0
base/notification/eventhandler	notification_eventhandler	3ad8f8e8f4ee543e826438685c2f9b1b7945492a	DETACHED	0	0	0	0
base/notification/notification_cangjie_wrapper	notification_notification_cangjie_wrapper	57ab558c9c21a068eb907fb6fc163e213aa7e062	DETACHED	0	0	0	0
base/powermgr/battery_lite	powermgr_battery_lite	061b746f7fcfb1291dd54ee5daf7aa43b5051d6d	DETACHED	0	0	0	0
base/powermgr/battery_manager	powermgr_battery_manager	0720cf1f29804c96cc9aa9940215880b8b5b7ca9	DETACHED	0	0	0	0
base/powermgr/battery_statistics	powermgr_battery_statistics	cd55a66506dec45e91d4a44419d95fb23e6652ce	DETACHED	0	0	0	0
base/powermgr/display_manager	powermgr_display_manager	28b29149eb0f98efc921c85b1a34800d426c9156	DETACHED	0	0	0	0
base/powermgr/power_manager	powermgr_power_manager	d737bedb7d5388b715128d89ff794e983c4ffcfe	DETACHED	0	0	0	0
base/powermgr/powermgr_cangjie_wrapper	powermgr_powermgr_cangjie_wrapper	ef5f41cace970b7df3952fe3899e4df83da6e6df	DETACHED	0	0	0	0
base/powermgr/powermgr_lite	powermgr_powermgr_lite	7137cd8bce57ceb8a70f3f90324e1f3ca1dae161	DETACHED	0	0	0	0
base/powermgr/thermal_manager	powermgr_thermal_manager	0c3722615333f38aee5e254bb3b50e93ddccd090	DETACHED	0	0	0	0
base/print/print_fwk	print_print_fwk	7491ce61997e80ddaa98263e9107a8380f56d54c	DETACHED	0	0	0	0
base/request/request	request_request	5548df7ae7315d73f1110077df395574871d8b2c	DETACHED	0	0	0	0
base/request/request_cangjie_wrapper	request_request_cangjie_wrapper	c0d9a584bfa8fbcc72bd2b73aaa1d939b594a73a	DETACHED	0	0	0	0
base/security/access_token	security_access_token	f73a9dee08544e6cce5678cf68a3a6f3db10f839	DETACHED	0	0	0	0
base/security/appverify	security_appverify	96109de67e148550dec07e37f3c01f1779bc9be5	DETACHED	0	0	0	0
base/security/asset	security_asset	5c3d5c5bc87308bbad74f8ae7697255cc28bc8a0	DETACHED	0	0	0	0
base/security/certificate_framework	security_certificate_framework	aca1bc5e34f617a7ef4e5ee6c115b82ace1f38d9	DETACHED	0	0	0	0
base/security/certificate_manager	security_certificate_manager	aed57fe1c451600622656e40529d076117316b29	DETACHED	0	0	0	0
base/security/code_signature	security_code_signature	34008ac9d95346d0bc3dce91ca49a972ace41161	DETACHED	0	0	0	0
base/security/crypto_framework	security_crypto_framework	68e9e5464a999bdf635ab617a4fbf9c99f8721d8	DETACHED	0	0	0	0
base/security/dataclassification	security_dataclassification	9a63e8dfc16833d53cf414697f3296e1a93874eb	DETACHED	0	0	0	0
base/security/device_auth	security_device_auth	68a27bac1a0d73065ccc9525ad1ce899423b32fe	DETACHED	0	0	0	0
base/security/device_security_level	security_device_security_level	3176e2461b7878e18c0f0c56a26b11a62a4dcdb6	DETACHED	0	0	0	0
base/security/dlp_permission_service	security_dlp_permission_service	e913b8f14c344b6df41c780f4aaeb178b9cf0c56	DETACHED	0	0	0	0
base/security/huks	security_huks	f79d7ecfaee7c3adeffb5863ee72807bd5d6e764	DETACHED	0	0	0	0
base/security/permission_lite	security_permission_lite	c4ab6c1b8ea899fcd2c3bccd78f249d6af1702fc	DETACHED	0	0	0	0
base/security/security_cangjie_wrapper	security_security_cangjie_wrapper	5a2f57981d998a429c9aade7def1eb568d584d8b	DETACHED	0	0	0	0
base/security/security_component_manager	security_security_component_manager	ffaf3d01c9da0162d13e0d97395aee3d4b06d75b	DETACHED	0	0	0	0
base/security/security_guard	security_security_guard	38e45371934dfb9685eadd26620aadba64418321	DETACHED	0	0	0	0
base/security/selinux_adapter	security_selinux_adapter	c4af9016ba72edae8fd1c8c77803ba080af66c76	DETACHED	0	0	0	0
base/sensors/medical_sensor	sensors_medical_sensor	f22fba260893f9d649e932c1876319bae10f5027	DETACHED	0	0	0	0
base/sensors/miscdevice	sensors_miscdevice	cbd81892c74e596539533e03e9ec1456c9548778	DETACHED	0	0	0	0
base/sensors/miscdevice_lite	sensors_miscdevice_lite	ab110a125e16604a4feb3719de90962b3fc1a628	DETACHED	0	0	0	0
base/sensors/sensor	sensors_sensor	e1d8ec109bd083c95919624171e6a6ecf2a0394d	DETACHED	0	0	0	0
base/sensors/sensor_lite	sensors_sensor_lite	ac4b6af0caceccf4b02d3a37987ecfa990c389ef	DETACHED	0	0	0	0
base/sensors/sensors_cangjie_wrapper	sensors_sensors_cangjie_wrapper	e67d76d0c451a25a2d18e739b488b1ae47ed8ee3	DETACHED	0	0	0	0
base/sensors/start	sensors_start	a8471075a5fb480797a72c016e0436d0b1983f9e	DETACHED	0	0	0	0
base/startup/appspawn	startup_appspawn	b5359977fa62e541fbfc3f5dd69fb0c49ecce565	DETACHED	0	0	0	0
base/startup/bootstrap_lite	startup_bootstrap_lite	899b19323b7ccbbe010b04b8453ae7fefdc06957	DETACHED	0	0	0	0
base/startup/hvb	startup_hvb	77b74cb3c3a13b7b1a28acd8e62352ad66a4b62c	DETACHED	0	0	0	0
base/startup/init	startup_init	f3e2044fa364c0254b6c684d13e79fb05948572c	DETACHED	0	0	0	0
base/startup/startup_cangjie_wrapper	startup_startup_cangjie_wrapper	a64cfb2b023201237ba3f0fd6eded9e2b1befd74	DETACHED	0	0	0	0
base/tee/tee_client	tee_tee_client	f65d63b34dbd75cd479f508423351784e866cbfd	DETACHED	0	0	0	0
base/tee/tee_dev_kit	tee_tee_dev_kit	5fba83011ff2a2ab0f272726f3c143ec95f4bfdb	DETACHED	0	0	0	0
base/tee/tee_os_framework	tee_tee_os_framework	6d27f4b315f0d87f847cdcd708bbc8702676b882	DETACHED	0	0	0	0
base/tee/tee_os_kernel	tee_tee_os_kernel	b2e820ba1157525783413ccd7fa50a2ef3ca1545	DETACHED	0	0	0	0
base/telephony/call_manager	telephony_call_manager	69b069423708068348182422ff71e8abd3e734c8	DETACHED	0	0	0	0
base/telephony/cellular_call	telephony_cellular_call	34be21e4e09166c669ed0fca80da0152c331d5b3	DETACHED	0	0	0	0
base/telephony/cellular_data	telephony_cellular_data	16b5c12b5c776e5e163b03568e2fbc5a0361ed03	DETACHED	0	0	0	0
base/telephony/core_service	telephony_core_service	7d9798afc1d3568507cd6a41d36dad3ba7a609ca	DETACHED	0	0	0	0
base/telephony/ril_adapter	telephony_ril_adapter	8ad0b690c717f7a140151b5e86b35d98e1af2ec8	DETACHED	0	0	0	0
base/telephony/sms_mms	telephony_sms_mms	a95513418d004a90dc11ac84313c631b2cb02ed2	DETACHED	0	0	0	0
base/telephony/state_registry	telephony_state_registry	482b4b6d952504538eb66ec57522fbf9fd422a53	DETACHED	0	0	0	0
base/telephony/telephony_cangjie_wrapper	telephony_telephony_cangjie_wrapper	39176bb1eac19b8c927a282fc623c7d55b785452	DETACHED	0	0	0	0
base/telephony/telephony_data	telephony_telephony_data	071616bddcac396184bec85c33780bac8dd8c4ed	DETACHED	0	0	0	0
base/theme/screenlock_mgr	theme_screenlock_mgr	336a2b0ad440fc14c5ba2dc57a1ec96c14c00a39	DETACHED	0	0	0	0
base/theme/wallpaper_mgr	theme_wallpaper_mgr	766ec2453a6a4fc0028caf5ab7889d63fc435272	DETACHED	0	0	0	0
base/time/time_cangjie_wrapper	time_time_cangjie_wrapper	e3a0c8ff6a7eb798afd0f32aa2fa9ded61d43e91	DETACHED	0	0	0	0
base/time/time_service	time_time_service	cd29dd3981f773e3d3a2dc7e23791076a51de483	DETACHED	0	0	0	0
base/update/packaging_tools	update_packaging_tools	c1a0e6012383fb542715c1907a49e867eb5999bd	DETACHED	0	0	0	0
base/update/sys_installer	update_sys_installer	3b7825019854ba6f3c8c4bf8babd48956308102f	DETACHED	0	0	0	0
base/update/sys_installer_lite	update_sys_installer_lite	3ea7c1f8672b5ac02ef791dbcdbf61fd032400bb	DETACHED	0	0	0	0
base/update/update_app	update_update_app	0e195a6b263e13222671a2a2e20912559fa941c4	DETACHED	0	0	0	0
base/update/updater	update_updater	d02444a502d748c7813190284269cb92d12a3f39	DETACHED	0	0	0	0
base/update/updateservice	update_update_service	aa96b3fa0f604c50dc67dd96514432768e03ac8c	DETACHED	0	0	0	0
base/usb/usb_manager	busmanager_usb_manager	7ca5c0c4cd17364e5bb301c792df25d785458745	DETACHED	0	0	0	0
base/useriam/companion_device_auth	useriam_companion_device_auth	523e7463699a99a3e83d52540b841c0ecc12852f	DETACHED	0	0	0	0
base/useriam/face_auth	useriam_face_auth	01f87c51dbf5149400eefc194c43b7850ee32e98	DETACHED	0	0	0	0
base/useriam/fingerprint_auth	useriam_fingerprint_auth	2db6d3f63e4b2f9ae4d5aeca655c57ddcefff5cd	DETACHED	0	0	0	0
base/useriam/pin_auth	useriam_pin_auth	edd7470c22f766d836bb5f3f8784a1dd45ca90f0	DETACHED	0	0	0	0
base/useriam/user_auth_framework	useriam_user_auth_framework	f802e23f1cd53b5e8e74b72433eccf6acc42430e	DETACHED	0	0	0	0
base/web/arkweb_cangjie_wrapper	arkweb_arkweb_cangjie_wrapper	82ef0841fe303b5b58beabd9b188661ec9abbc85	DETACHED	0	0	0	0
base/web/webview	web_webview	a14c39290363f41fdf3d1125f184a790d7efbc7a	DETACHED	0	0	0	0
build	build	b2311eb9543ea29f314b1510a919616fbd065add	DETACHED	0	0	0	0
commonlibrary/c_utils	commonlibrary_c_utils	a976855b06f872ab589ec8032e124bead33c1178	DETACHED	0	0	0	0
commonlibrary/ets_utils	commonlibrary_ets_utils	a94076071a615265a501204ee86264b713b816e3	DETACHED	0	0	0	0
commonlibrary/memory_utils	commonlibrary_memory_utils	b571ec90e0bf0665ea1bdd06880b77f74fa1db54	DETACHED	0	0	0	0
commonlibrary/rust/ylong_http	commonlibrary_rust_ylong_http	18720c4b20d3e143a099b62316fb00caa6fc687a	DETACHED	0	0	0	0
commonlibrary/rust/ylong_json	commonlibrary_rust_ylong_json	a5584287347fab4178485f190e8416e2ddf68d24	DETACHED	0	0	0	0
commonlibrary/rust/ylong_runtime	commonlibrary_rust_ylong_runtime	c9bb0e3a20554995847983bca558f6c6c36ebad5	DETACHED	0	0	0	0
commonlibrary/utils_lite	commonlibrary_utils_lite	d3f4ae6fcf1c3c22e97a4695c3f58f77a65a7a7f	DETACHED	0	0	0	0
developtools/ace_ets2bundle	developtools_ace_ets2bundle	3e0d4ba8788838e63c8e5a90fc0be190f69ebc56	DETACHED	0	0	0	0
developtools/ace_js2bundle	developtools_ace_js2bundle	2a15fa8c340f5632427cb4314519739ac05e8653	DETACHED	1	0	1	0
developtools/global_resource_tool	developtools_global_resource_tool	26b974f4f5c22d43fef076cc13eedc66604e302a	DETACHED	0	0	0	0
developtools/hapsigner	developtools_hapsigner	6e46665d418d0dfedd6ba460172271565020f212	DETACHED	0	0	0	0
developtools/hdc	developtools_hdc	6877810931eebb6a9973be1c09def80b40b3f054	DETACHED	0	0	0	0
developtools/hiperf	developtools_hiperf	dc5993c73f533aecad22cc1d8bcdd072409e3346	DETACHED	0	0	0	0
developtools/integration_verification	developtools_integration_verification	1350118cecc0169be3adde1f4f1ed862522668a2	DETACHED	0	0	0	0
developtools/packing_tool	developtools_packing_tool	ff8e57041bfe55bc1b9b58e0046f58b81dd3886b	DETACHED	0	0	0	0
developtools/profiler	developtools_profiler	08250f8b4968f7dc8399ec6ea87911a889e70171	DETACHED	0	0	0	0
developtools/smartperf_host	developtools_smartperf_host	260b028b289befa8dc2f85b98687d323c7d20fa0	DETACHED	0	0	0	0
developtools/syscap_codec	developtools_syscap_codec	06963106afa50ef3f0e32123905f03d83e7ea796	DETACHED	0	0	0	0
device/board/hihope	device_board_hihope	5312542be5f2685fafcd5647e602113dc7624778	DETACHED	0	0	0	0
device/board/hisilicon	device_board_hisilicon	1a46d2c6329480bd994e398b88f1b20521d10818	DETACHED	0	0	0	0
device/board/revoview	device_board_revoview	ecc3db4e87b1ce5544d32c4263dcee50e9eb63e4	DETACHED	0	0	0	0
device/qemu	device_qemu	b017aee8e2dfc97e45aeb508facc1527c3d06f4b	DETACHED	0	0	0	0
device/soc/hisilicon	device_soc_hisilicon	5e154a2319fac80ae29c1a0a225de8a2857e2b74	DETACHED	0	0	0	0
device/soc/rockchip	device_soc_rockchip	0aa6ba16f89844023137fb84ac03189b30c8780b	DETACHED	0	0	0	0
device/soc/unisoc	device_soc_unisoc	9a6db4eec3caba67d890cf7fa406dcfbb0f5542c	DETACHED	0	0	0	0
docs	docs	ac6ec59dae02f55d0381933282c796a1a306943a	DETACHED	0	0	0	0
docs_cangjie	docs_cangjie	641feb3b40dd6e663ff1f897b6e6c273642ec24e	DETACHED	0	0	0	0
domains/advertising/advertising	advertising_ads_framework	80d5ed42638a3a380054419930c6d02f34baae6e	DETACHED	0	0	0	0
domains/advertising/oaid	advertising_oaid	ad6d555c7aae694402b7a30e3dc45451e2700dda	DETACHED	0	0	0	0
domains/game/game_controller_framework	game_game_controller_framework	2804f1cdb23ba010d01a7c708725ab7b38917cc5	DETACHED	0	0	0	0
drivers/external_device_manager	drivers_external_device_manager	7399efa1a2b35e95b80e1ac73505b8b41ad87d32	DETACHED	0	0	0	0
drivers/hdf_core	drivers_hdf_core	1b930c73aa12e772479bb2085b28bd84ef6b156a	DETACHED	0	0	0	0
drivers/interface	drivers_interface	c6bb9cddd8c0191a6cccae746936d96aa2108969	DETACHED	0	0	0	0
drivers/liteos	drivers_liteos	7e738247fa4affbb9e31b47e0295f1c0f2376153	DETACHED	0	0	0	0
drivers/peripheral	drivers_peripheral	8acfd0d81512c7dc2390c0197587938537d60ae4	DETACHED	0	0	0	0
foundation/CastEngine/castengine_cast_framework	castengine_cast_framework	64feaf61e02f31a0e608de4ec30690c4f9ff9966	DETACHED	0	0	0	0
foundation/CastEngine/castengine_cast_plus_stream	castengine_cast_plus_stream	29dbb17ba7888f4d0c9b831df3b98751df025547	DETACHED	0	0	0	0
foundation/CastEngine/castengine_wifi_display	castengine_wifi_display	b923a383f9d2b5c9c19ed1619d075d56161f3435	DETACHED	0	0	0	0
foundation/ability/ability_base	ability_ability_base	6a91e652d8c92206c057f3c8eba12cbf524cbed0	DETACHED	0	0	0	0
foundation/ability/ability_cangjie_wrapper	ability_ability_cangjie_wrapper	7d6d3df867c48ec093c89bc244b52f68dbabd098	DETACHED	0	0	0	0
foundation/ability/ability_lite	ability_ability_lite	ac5b043bc0b53cfa3c3da9e5f87c0ee5d14df803	DETACHED	0	0	0	0
foundation/ability/ability_runtime	ability_ability_runtime	4016e34d3a88c534e15a563b280d7292cc576bfd	DETACHED	0	0	0	0
foundation/ability/dmsfwk	ability_dmsfwk	917721001d3ae1959d325c6d963a1a0fc7bd09cf	DETACHED	0	0	0	0
foundation/ability/dmsfwk_lite	ability_dmsfwk_lite	ec4496e2dabd1233aebe6db3ed96955cb02622c8	DETACHED	0	0	0	0
foundation/ability/form_fwk	ability_form_fwk	ea1bbf047db68c32a9b7910090925377d3743751	DETACHED	0	0	0	0
foundation/ability/idl_tool	ability_idl_tool	92feeaff367dd38d5c42e772b790826fdb0afb2e	DETACHED	0	0	0	0
foundation/ai/ai_engine	ai_engine	8349d119d4fa3a4086ac1c479f7082a666d48565	DETACHED	0	0	0	0
foundation/ai/intelligent_voice_framework	ai_intelligent_voice_framework	630177fce145c5d811ed143fbd54b484ea9a6e4b	DETACHED	0	0	0	0
foundation/ai/neural_network_runtime	ai_neural_network_runtime	a96dfb55b6bf10efdcfd086e2c3a380e919e509c	DETACHED	0	0	0	0
foundation/arkui/ace_engine	arkui_ace_engine	0a10726e194660dc7f196c353af9b67561996e0b	DETACHED	0	0	0	0
foundation/arkui/ace_engine_lite	arkui_ace_engine_lite	29df4e6643e5c34307d224582362cc9b190ed309	DETACHED	0	0	0	0
foundation/arkui/advanced_ui_component	arkui_advanced_ui_component	cb9c34aff3177469edcf22755b6f37e66b932218	DETACHED	0	0	0	0
foundation/arkui/arkui_cangjie_wrapper	arkui_arkui_cangjie_wrapper	ff300a148dd614083f54f449c345bedaf3319f30	DETACHED	0	0	0	0
foundation/arkui/napi	arkui_napi	224c782ecfbec812762d9d9006d78ca0ba42f25a	DETACHED	0	0	0	0
foundation/arkui/ui_appearance	arkui_ui_appearance	faa6713988bdaa8a48f3a0a292e2c94a004bed98	DETACHED	0	0	0	0
foundation/arkui/ui_lite	arkui_ui_lite	9a54019c9219f957b00bfa49179be6f1c2c90173	DETACHED	0	0	0	0
foundation/barrierfree/accessibility	accessibility	6f321db4df6ca86d719b909db185d5dc038a0f3b	DETACHED	0	0	0	0
foundation/bundlemanager/app_domain_verify	bundlemanager_app_domain_verify	1acb08bb7c95eff9455cf095f1976a1b795f0213	DETACHED	0	0	0	0
foundation/bundlemanager/bundle_framework	bundlemanager_bundle_framework	95b7bd5e3e6f417041b4866a6b1f93172f8bf58e	DETACHED	0	0	0	0
foundation/bundlemanager/bundle_framework_lite	bundlemanager_bundle_framework_lite	f1872d3395534290782007c630ecc77c73c59dc7	DETACHED	0	0	0	0
foundation/bundlemanager/bundle_tool	bundlemanager_bundle_tool	52bf1fe09a9db8fe6fca8ea0cad6bcfef14ce16e	DETACHED	0	0	0	0
foundation/bundlemanager/bundlemanager_cangjie_wrapper	bundlemanager_bundlemanager_cangjie_wrapper	1bb4727caa1e2d151c26e281a539b148d489aeb6	DETACHED	0	0	0	0
foundation/bundlemanager/distributed_bundle_framework	bundlemanager_distributed_bundle_framework	a5e0c0893b8d3fc7c30b80729e6391d53b606fce	DETACHED	0	0	0	0
foundation/bundlemanager/ecological_rule_manager	bundlemanager_ecological_rule_manager	dc60fae80b4c6ae40ec4551b04da7c89d1e40668	DETACHED	0	0	0	0
foundation/communication/bluetooth	communication_bluetooth	d941bbd1e4595a1976bb67a24955dcb4787b3ac0	DETACHED	0	0	0	0
foundation/communication/bluetooth_service	communication_bluetooth_service	9fa1f8aee8e37a1df26e56d39e6b6b3a9303b43b	DETACHED	0	0	0	0
foundation/communication/communication_cangjie_wrapper	communication_communication_cangjie_wrapper	018cbd0844e9380f32b86832c0423c2fefb3e722	DETACHED	0	0	0	0
foundation/communication/connected_nfc_tag	communication_connected_nfc_tag	f6e27a0939cb605da53430b0249811d453604e21	DETACHED	0	0	0	0
foundation/communication/connectivity_cangjie_wrapper	connectivity_connectivity_cangjie_wrapper	d48127c96cf34db21d8aad277064cab3a3daf367	DETACHED	0	0	0	0
foundation/communication/dhcp	communication_dhcp	6c712a8be36d1132437d74d0cb90dce76ecb202c	DETACHED	0	0	0	0
foundation/communication/dsoftbus	communication_dsoftbus	cfef0c434ee82c1504ea14bdc45d9a8cd7064677	DETACHED	0	0	0	0
foundation/communication/fusion_connectivity	communication_fusion_connectivity	0898aa45e2de45eab1b5a69511a77ae54ee7b0d1	DETACHED	0	0	0	0
foundation/communication/ipc	communication_ipc	d8329e309c516aaebb238766a99f3424f1a6c083	DETACHED	0	0	0	0
foundation/communication/netmanager_base	communication_netmanager_base	84278ec01fdd4f6815321d1ab13f8f642ec462a1	DETACHED	0	0	0	0
foundation/communication/netmanager_cangjie_wrapper	netmanager_netmanager_cangjie_wrapper	1b8b2eaba9fa9d05abd142c6cecfb2868f09c824	DETACHED	0	0	0	0
foundation/communication/netmanager_ext	communication_netmanager_ext	2de6cf12b48e31d364474adf4f23884758d718c8	DETACHED	0	0	0	0
foundation/communication/netstack	communication_netstack	f7de1d365c0a17f45394fb2ad1cdeb808a9d6deb	DETACHED	0	0	0	0
foundation/communication/nfc	communication_nfc	9cdaa884a674de61c96c0f86b673ec40d6ee6b68	DETACHED	0	0	0	0
foundation/communication/t2stack	communication_t2stack	fbf280db18092eb00bb065e59ce6676c7b85b8c9	DETACHED	0	0	0	0
foundation/communication/wifi	communication_wifi	087c24144324ef7372edac906cab503c5b8ad2e7	DETACHED	0	0	0	0
foundation/communication/wifi_aware	communication_wifi_aware	2b64ed2d586c2ad82d272003a74e69a4efc15672	DETACHED	0	0	0	0
foundation/communication/wifi_lite	communication_wifi_lite	ad028ee75dd94f62ea9f798e98bdbad6c7f6172a	DETACHED	0	0	0	0
foundation/deviceprofile/device_info_manager	deviceprofile_device_info_manager	201d32b26b6697396f43bd05f7d5b99e4624508f	DETACHED	0	0	0	0
foundation/distributeddatamgr/data_object	distributeddatamgr_data_object	5bec635c768fe264fc3e10b54834b97eb7674d2a	DETACHED	0	0	0	0
foundation/distributeddatamgr/data_share	distributeddatamgr_data_share	54c95583bb44d74d2a6c861920a620a2f22c2c9a	DETACHED	0	0	0	0
foundation/distributeddatamgr/datamgr_service	distributeddatamgr_datamgr_service	82ee3bc90ee3905165b6aae6619145279e535669	DETACHED	0	0	0	0
foundation/distributeddatamgr/distributeddatamgr_cangjie_wrapper	distributeddatamgr_distributeddatamgr_cangjie_wrapper	d74a5b563b9836941610a9ac15ddb74a7e0594bb	DETACHED	0	0	0	0
foundation/distributeddatamgr/distributedfile	distributeddatamgr_file	1f128b3753d9687f7a9c7538d07c819296e40cf4	DETACHED	0	0	0	0
foundation/distributeddatamgr/kv_store	distributeddatamgr_kv_store	2e51f77ced7801d3347690d200be195f5a6f457e	DETACHED	0	0	0	0
foundation/distributeddatamgr/pasteboard	distributeddatamgr_pasteboard	35660a32771f384d071dea57674f61ab9aad36fd	DETACHED	0	0	0	0
foundation/distributeddatamgr/preferences	distributeddatamgr_preferences	ccee713e0bd3eef1e55fa3a4c73749b7c46271c3	DETACHED	0	0	0	0
foundation/distributeddatamgr/relational_store	distributeddatamgr_relational_store	a9d328956a8436bddd9a648c52942e3b8c798bee	DETACHED	0	0	0	0
foundation/distributeddatamgr/udmf	distributeddatamgr_udmf	f49d48dbbd6ca802e0a6047affa9c75d4b210e96	DETACHED	0	0	0	0
foundation/distributedhardware/device_manager	distributedhardware_device_manager	470c45247e1a6b5daaae6a93b4bae4d06c569c01	DETACHED	0	0	0	0
foundation/distributedhardware/distributed_audio	distributedhardware_distributed_audio	4baeceddda73fb6743ae7e2dfe175fbd1ea6d525	DETACHED	0	0	0	0
foundation/distributedhardware/distributed_camera	distributedhardware_distributed_camera	dbe2f9bcec9771a8aba4c97b0976223d1ebfde7d	DETACHED	0	0	0	0
foundation/distributedhardware/distributed_hardware_fwk	distributedhardware_distributed_hardware_fwk	20b774669caa85ad25eb028fd18cf8b9898aafe3	DETACHED	0	0	0	0
foundation/distributedhardware/distributed_input	distributedhardware_distributed_input	484d5ca485789ab115e00fb1a28d2db981084f00	DETACHED	0	0	0	0
foundation/distributedhardware/distributed_screen	distributedhardware_distributed_screen	032e8b796ed86a0c372bdb7b720241953145c228	DETACHED	0	0	0	0
foundation/distributedhardware/mechbody_controller	distributedhardware_mechbody_controller	103809462888ab356fe38f467583f4fa55b56e4f	DETACHED	0	0	0	0
foundation/filemanagement/app_file_service	filemanagement_app_file_service	ded61716d451f7e3b3d0f6965f5744bfe2991cae	DETACHED	0	0	0	0
foundation/filemanagement/dfs_service	filemanagement_dfs_service	495de2cd5961e83a5a4286bac44b3187bf8d538e	DETACHED	0	0	0	0
foundation/filemanagement/disk_manager	filemanagement_disk_manager	5567f6de8eec7df0b300ba9e17f94b2dc4ee1a1b	DETACHED	0	0	0	0
foundation/filemanagement/file_api	filemanagement_file_api	c56e641338307e323984a6173255560d489b170c	DETACHED	0	0	0	0
foundation/filemanagement/filemanagement_cangjie_wrapper	filemanagement_filemanagement_cangjie_wrapper	5f8c3377a10a6d462edb07ca784239ac08b122d2	DETACHED	0	0	0	0
foundation/filemanagement/storage_service	filemanagement_storage_service	1f7b4fbcc857fb5500b9fe002743d6d84eb023f4	DETACHED	0	0	0	0
foundation/filemanagement/user_file_service	filemanagement_user_file_service	0186acbe2febd0a3395184fab81d9232799c6bfe	DETACHED	0	0	0	0
foundation/graphic/graphic_2d	graphic_graphic_2d	18c31917473cd05c54fe6c993c4485e0a21f5c98	DETACHED	0	0	0	0
foundation/graphic/graphic_3d	graphic_graphic_3d	81df080e9b88376962d3a59457455b71d297b46c	DETACHED	0	0	0	0
foundation/graphic/graphic_cangjie_wrapper	graphic_graphic_cangjie_wrapper	03c3f6f99e7978c550140d2a87f9e2fe12d0a9f3	DETACHED	0	0	0	0
foundation/graphic/graphic_surface	graphic_graphic_surface	6df1d80e3413050dfa4383ae36cd5cc2bbb81581	DETACHED	0	0	0	0
foundation/graphic/graphic_utils_lite	graphic_graphic_utils_lite	be0cf30c9eb4be4af5e5d71cd62eb831291ef675	DETACHED	0	0	0	0
foundation/graphic/graphics_effect	graphic_graphics_effect	fada2682eccd3177218348e43a45386e483e64cd	DETACHED	0	0	0	0
foundation/graphic/surface_lite	graphic_surface_lite	4ed2deddbcf598532104f67747a9b81e7548898b	DETACHED	0	0	0	0
foundation/multimedia/audio_framework	multimedia_audio_framework	1c2cb9214d88abe7f5de7bda15738fb729ff63f5	DETACHED	0	0	0	0
foundation/multimedia/audio_lite	multimedia_audio_lite	d3fcb3c99269ba127e885d27cb4016664314b40f	DETACHED	0	0	0	0
foundation/multimedia/av_codec	multimedia_av_codec	64443774ef9e4be21832cb805819000b6526d751	DETACHED	25	25	0	0
foundation/multimedia/av_session	multimedia_av_session	28024be537135683d063cc118e8b3901fd3cf119	DETACHED	0	0	0	0
foundation/multimedia/camera_framework	multimedia_camera_framework	7305161274db584b4a8f45639d85245843d17af6	DETACHED	0	0	0	0
foundation/multimedia/camera_lite	multimedia_camera_lite	4e47221967da4b0139eaebba37ed1a7aecad5233	DETACHED	0	0	0	0
foundation/multimedia/drm_framework	multimedia_drm_framework	541c01ead21a2aeaad48aeec45599366dd511a31	DETACHED	0	0	0	0
foundation/multimedia/image_effect	multimedia_image_effect	4e4a0c7979c5b963058537bfd95cc353e0078fd9	DETACHED	0	0	0	0
foundation/multimedia/image_framework	multimedia_image_framework	f3d7683947d8dc87a21dfd923405924d6a9cf7f3	DETACHED	4	4	0	0
foundation/multimedia/media_foundation	multimedia_media_foundation	4dcd209557f39934938a5956949a1b7492fca0b1	DETACHED	0	0	0	0
foundation/multimedia/media_library	multimedia_media_library	7ce41df7f9976a25944923b21de5d119a30dd7d3	DETACHED	0	0	0	0
foundation/multimedia/media_lite	multimedia_media_lite	d12b568dd4c7229d98d1bf1a93e210bd12cdca93	DETACHED	0	0	0	0
foundation/multimedia/media_utils_lite	multimedia_media_utils_lite	4e534766c33bdc459bdfe943bb000ccb683fd8f6	DETACHED	0	0	0	0
foundation/multimedia/midi_framework	multimedia_midi_framework	90a0fdb19a3280c27ce10c371db036ac5cae117c	DETACHED	0	0	0	0
foundation/multimedia/multimedia_cangjie_wrapper	multimedia_multimedia_cangjie_wrapper	e1ba182a79e113062ad69b6e70eb62d52785b9ea	DETACHED	0	0	0	0
foundation/multimedia/player_framework	multimedia_player_framework	75e90da17897a02d3fb1869e069954ceff0b800b	DETACHED	0	0	0	0
foundation/multimedia/ringtone_library	multimedia_ringtone_library	4e7728d4410157d5cf13c39525b6e82341f7e491	DETACHED	0	0	0	0
foundation/multimedia/video_processing_engine	multimedia_video_processing_engine	deaa904cbd471220e844db164a778ebab1eb8a9f	DETACHED	0	0	0	0
foundation/multimodalinput/input	multimodalinput_input	71a672a9024552817dd968b7965e796922aedaf5	DETACHED	0	0	0	0
foundation/officeservice/object_editor	officeservice_object_editor	0e8d5c64903830080b271e380fae2420cf385df1	DETACHED	0	0	0	0
foundation/resourceschedule/background_task_mgr	resourceschedule_background_task_mgr	71f5c14db2d9402a93e872ba913206a2059399b1	DETACHED	0	0	0	0
foundation/resourceschedule/device_standby	resourceschedule_device_standby	6f6e27c9ac959b96836ef41550743122bdb203c3	DETACHED	0	0	0	0
foundation/resourceschedule/device_usage_statistics	resourceschedule_device_usage_statistics	f738c52aa4bfa604a9db1cd0bc527752364f6c26	DETACHED	0	0	0	0
foundation/resourceschedule/ffrt	resourceschedule_ffrt	51c24eae3e438363dbebda7d9554cad9fe839199	DETACHED	0	0	0	0
foundation/resourceschedule/frame_aware_sched	linux_frame_aware_sched	d92a0acbd92e7d8e9a64b4666e7f34afd5c10183	DETACHED	0	0	0	0
foundation/resourceschedule/memmgr	resourceschedule_memmgr	49628e3f2ddb679ef45f3428bf88375cb76189fc	DETACHED	0	0	0	0
foundation/resourceschedule/qos_manager	resourceschedule_qos_manager	650a008ae1242fa0f11543482245a2965013e08e	DETACHED	0	0	0	0
foundation/resourceschedule/resource_schedule_service	resourceschedule_resource_schedule_service	ef6e716e2f549e085c78c3fb9ef84844100e07ff	DETACHED	0	0	0	0
foundation/resourceschedule/soc_perf	resourceschedule_soc_perf	142d89b90d8acda93dc4c17904e9456340474d82	DETACHED	0	0	0	0
foundation/resourceschedule/work_scheduler	resourceschedule_work_scheduler	03d552a359ee0138bed395fa1aabd3c09e13add1	DETACHED	0	0	0	0
foundation/systemabilitymgr/safwk	systemabilitymgr_safwk	8f3b2d23ae75440989a26c752e25bf5349254895	DETACHED	0	0	0	0
foundation/systemabilitymgr/safwk_lite	systemabilitymgr_safwk_lite	1b620e12b05807deab59277ad8a2cb3163363243	DETACHED	0	0	0	0
foundation/systemabilitymgr/samgr	systemabilitymgr_samgr	778682c083c5c1e163c9639bed8bf994e98588b8	DETACHED	0	0	0	0
foundation/systemabilitymgr/samgr_lite	systemabilitymgr_samgr_lite	f870c3df41e5b9a01c3eeb30ab5588724ff5ab4b	DETACHED	0	0	0	0
foundation/systemabilitymgr/selectionfwk	systemabilitymgr_selectionfwk	0794bcce6396f4df87464521b3d2950bc7a09af7	DETACHED	0	0	0	0
foundation/window/window_cangjie_wrapper	window_window_cangjie_wrapper	1697cbf538501e3dca16e6ca6a229639d77199dc	DETACHED	0	0	0	0
foundation/window/window_manager	window_window_manager	3c793098cf7f7e0558cf0e72bb92a96718d763bd	DETACHED	0	0	0	0
foundation/window/window_manager_lite	window_window_manager_lite	62b8cbc951418cc65e0e8a63a32561a9eee4f007	DETACHED	0	0	0	0
ide/tools/previewer	ide_previewer	dd3d3e052547dbb195e261e420cda7f978a30603	DETACHED	0	0	0	0
interface/sdk-js	interface_sdk-js	e069a52ad49771556b84c591153b015b44ce0e38	DETACHED	0	0	0	0
interface/sdk_c	interface_sdk_c	ac84327d8acf28ebfe573720d4f8e958e21ac2de	DETACHED	0	0	0	0
interface/sdk_cangjie	interface_sdk_cangjie	5ba192ed0fccb9011ce614caca55476654ae3eda	DETACHED	0	0	0	0
kernel/linux/build	kernel_linux_build	882a2fa7c11402058c5f57e067ded926a857689e	DETACHED	0	0	0	0
kernel/linux/common_modules	kernel_linux_common_modules	0baf58cd92d10cee01b6d386bb59d12ae99d24b4	DETACHED	0	0	0	0
kernel/linux/config	kernel_linux_config	34b9a9adf91726434d0d75f9627813c4080675a8	DETACHED	0	0	0	0
kernel/linux/linux-5.10	kernel_linux_5.10	da9c4c59cde75f38c62cf0a2fc5ff958de3a6f62	DETACHED	0	0	0	0
kernel/linux/linux-6.6	kernel_linux_6.6	9617a690275ccb16272763847639bd569c05bb4b	DETACHED	0	0	0	0
kernel/linux/patches	kernel_linux_patches	083cce1466a7e4dc5e365bbc095b379fa50908f1	DETACHED	0	0	0	0
kernel/liteos_a	kernel_liteos_a	571aa2040e1b8b9bace02db7d1ac248a2b2510b8	DETACHED	0	0	0	0
kernel/liteos_m	kernel_liteos_m	32beca78be1fd2a23c8b275a6c5853fa38dbd67f	DETACHED	0	0	0	0
kernel/uniproton	kernel_uniproton	c3dd7016e6fb554b42acdcba94375c5788161510	DETACHED	0	0	0	0
napi_generator	napi_generator	3318dd690a85da3e8e6d5fa6dc718e1584e4ed3f	DETACHED	0	0	0	0
productdefine/common	productdefine_common	dfc17697792288e35260161fa7a83b99aaffed7d	DETACHED	0	0	0	0
test/ostest/wukong	ostest_wukong	0d4175f75d81e2899d4f06bbea2a3ea5051ffe94	DETACHED	0	0	0	0
test/testfwk/arkxtest	testfwk_arkxtest	607a7ef640fb6460c3ca1c5973f1a32dcdd97b78	DETACHED	0	0	0	0
test/testfwk/developer_test	testfwk_developer_test	55a23822ed86a38305704335b070a51b6ef9a01c	DETACHED	16	0	1	15
test/testfwk/testfwk_cangjie_wrapper	testfwk_testfwk_cangjie_wrapper	20caeef6e7a4b773d250baf948bd0008f4fd5a3d	DETACHED	0	0	0	0
test/testfwk/xdevice	testfwk_xdevice	089063d9f353a1bbdf524ff9f7812edeb5415ef7	DETACHED	5	0	0	5
test/xts/acts	xts_acts	3c055cb2083241952385ba91f514334a85a30df7	DETACHED	15	15	0	0
test/xts/dcts	xts_dcts	2d742b2cb190767a2f964d03c86ed6cf9b9e91b9	DETACHED	0	0	0	0
test/xts/device_attest	xts_device_attest	edbf39f5ca115e6096a87909b39f29c4fcfdc553	DETACHED	0	0	0	0
test/xts/device_attest_lite	xts_device_attest_lite	9154d49d26cd58df95e7839f9cb60cf5fb728294	DETACHED	0	0	0	0
test/xts/hats	xts_hats	b5f2ecdf35a8354efc653828461e489d0c26ca6b	DETACHED	0	0	0	0
test/xts/tools	xts_tools	022325398d49a5948cabf87dbac6fb8936752da7	DETACHED	0	0	0	0
third_party/EGL	third_party_egl	c54fb33fe8611297ccf9f29309b3df896b3c5e6d	DETACHED	0	0	0	0
third_party/FatFs	third_party_FatFs	1e303a3da729d066b55d7576fa63108932bea5a1	DETACHED	0	0	0	0
third_party/FreeBSD	third_party_FreeBSD	74f769337b059bc4ee13123e7ce159b8b7447e71	DETACHED	0	0	0	0
third_party/NuttX	third_party_NuttX	11977c4ba08e7510655b754e88f9fd04a09271e7	DETACHED	0	0	0	0
third_party/PyYAML	third_party_pyyaml	abf1b62ce2b8489c516f0ee2d1fbb40a08727cab	DETACHED	0	0	0	0
third_party/abseil-cpp	third_party_abseil-cpp	85c58d4c5ea128917b1f51c09ea02e9fbbe54f28	DETACHED	0	0	0	0
third_party/alsa-lib	third_party_alsa-lib	f509fe4d5f65942bb60eae6858f1ea4b9d00dd56	DETACHED	0	0	0	0
third_party/alsa-utils	third_party_alsa-utils	409c934b389885cbf442d29180febdfcf57dc492	DETACHED	0	0	0	0
third_party/astc-encoder	third_party_astc-encoder	9da2838f405447d2b9a0212e0e7955c510746911	DETACHED	0	0	0	0
third_party/backends	third_party_backends	d0621aa49910a02e8bd6876a22987bfa351818dd	DETACHED	0	0	0	0
third_party/benchmark	third_party_benchmark	5faba6ee35097749e98f8cd76943efc47456885c	DETACHED	0	0	0	0
third_party/bounds_checking_function	third_party_bounds_checking_function	2ae82839ecaaa7d031e66ccbd2076d671acfd615	DETACHED	0	0	0	0
third_party/brotli	third_party_brotli	e9c6cd7a0e109ae8d527ec17bdd8076777f37429	DETACHED	0	0	0	0
third_party/bzip2	third_party_bzip2	802b7bd12a4ce6415d4453f5491d6ed40a6d5eaa	DETACHED	0	0	0	0
third_party/cJSON	third_party_cJSON	388cfc96925e4fb41a30735b270736626d26615d	DETACHED	0	0	0	0
third_party/cangjie_compiler	third_party_cangjie_compiler	00b54a494f1eead279ad599eb6fb38c8d1a47683	DETACHED	0	0	0	0
third_party/cangjie_runtime	third_party_cangjie_runtime	6c77418752e91ef6a3f0ddf9e939f9eef86a2b11	DETACHED	0	0	0	0
third_party/cangjie_tools	third_party_cangjie_tools	5b2ad2f1014baf4b6c6ad60c87cc05a7ba8e5ee2	DETACHED	0	0	0	0
third_party/cares	third_party_cares	449597e35e31ed364eacc017b4b1811b42f53cd1	DETACHED	0	0	0	0
third_party/cmsis	third_party_cmsis	4a6b9176f39100a482821648766b0250b9b127a7	DETACHED	0	0	0	0
third_party/css-what	third_party_css-what	66c986b3597910d384f32d7b098112d2b48d4145	DETACHED	0	0	0	0
third_party/cups	third_party_cups	19cbb370154b630a784efaac9141b72895d6b9ca	DETACHED	0	0	0	0
third_party/cups-filters	third_party_cups-filters	adbc0f0e0bbe6a712608bb371efa058050897d3a	DETACHED	0	0	0	0
third_party/curl	third_party_curl	21ffacfda8b2c441fc7d4d403b8c7ba7afba5d76	DETACHED	0	0	0	0
third_party/dav1d	third_party_dav1d	75a3f6ab2216f996d37c767a03cd9300d014f6c6	DETACHED	0	0	0	0
third_party/decimal.js	third_party_decimal.js	83721816efc3cb1eb5ec320d1362b22fe5728c4c	DETACHED	0	0	0	0
third_party/e2fsprogs	third_party_e2fsprogs	4a54c56ad1953c65ba16839ca67deca139aa9880	DETACHED	0	0	0	0
third_party/elfio	third_party_elfio	170523065b93acc77b163a87a7bbb9872037becf	DETACHED	0	0	0	0
third_party/elfutils	third_party_elfutils	61c7376b0f1c1df91c00bf782836b796a6f32c05	DETACHED	0	0	0	0
third_party/exfatprogs	third_party_exfatprogs	4c61a740b5f03b1c93317016387a46439d800492	DETACHED	0	0	0	0
third_party/expat	third_party_expat	0f5cdfb90892be5d9f68b48dfb7562a2a3dbf906	DETACHED	0	0	0	0
third_party/f2fs-tools	third_party_f2fs-tools	2088c63bce3687b20948f5efee6902e345b600a9	DETACHED	0	0	0	0
third_party/ffmpeg	third_party_ffmpeg	9b70c3df0eff553dde9722a3d86685841d6f3374	DETACHED	0	0	0	0
third_party/flatbuffers	third_party_flatbuffers	c3e4d69cbd5950e43f775ba76eadb30750d6e0b7	DETACHED	0	0	0	0
third_party/freetype	third_party_freetype	39a6a0f5a9594132d4b3cc7c2c1c4e9f050d60b8	DETACHED	1	0	0	1
third_party/fsverity-utils	third_party_fsverity-utils	67f02b8f3d5fdc07d396e96963e62a682c17dac5	DETACHED	0	0	0	0
third_party/glfw	third_party_glfw	86a16ad33d54117adeefecdf7c7e91d3832a7c8d	DETACHED	0	0	0	0
third_party/glslang	third_party_glslang	d1495c9af9eef72bc359e122ef30c5102c0f33c2	DETACHED	0	0	0	0
third_party/gn	third_party_gn	74ecfddb00ad57fede17b23b75328f7f10dca121	DETACHED	0	0	0	0
third_party/googletest	third_party_googletest	cc04e6f4e30df6a3e1c913ee14ffb30eee203c30	DETACHED	0	0	0	0
third_party/gptfdisk	third_party_gptfdisk	696290fcd6444abc1cc6f3545bf60cba3e314a96	DETACHED	0	0	0	0
third_party/grpc	third_party_grpc	9a081534b6c7aa2cb245f1b1f606b596c108175f	DETACHED	0	0	0	0
third_party/harfbuzz	third_party_harfbuzz	5b8f1d6de169ce2a125861d85248cdc841cca668	DETACHED	0	0	0	0
third_party/icu	third_party_icu	2f541f0e96d5d43fce0ff1c4fc376545e79de86b	DETACHED	0	0	0	0
third_party/iptables	third_party_iptables	96e6344189b9dca226282dcfb20ecad31bb8fd96	DETACHED	3	0	3	0
third_party/jerryscript	third_party_jerryscript	d775a2d56f8a817388dd37a50eb32c09b570bb3b	DETACHED	0	0	0	0
third_party/jinja2	third_party_jinja2	1611aa4447699769435f913a3c3753d259c76fdb	DETACHED	0	0	0	0
third_party/jsframework	third_party_jsframework	392f618c32e9565ccb5a865582184449b025a7d6	DETACHED	0	0	0	0
third_party/json	third_party_json	82f689380591b58b99578e6744a4f5afd2162084	DETACHED	0	0	0	0
third_party/jsoncpp	third_party_jsoncpp	24cc8282a123a537e02ef31886974bf8f5a960b1	DETACHED	0	0	0	0
third_party/lame	third_party_lame	f13c1d775be6bcfd7d09cd01e2ea93e18b7ad11d	DETACHED	0	0	0	0
third_party/libabigail	third_party_libabigail	083177cdb81703aa5c35865184c7844e21d1e63a	DETACHED	0	0	0	0
third_party/libbpf	third_party_libbpf	ee6d9b7a70296b1a66790cdc18d40b7415e7dd85	DETACHED	0	0	0	0
third_party/libcoap	third_party_libcoap	f58139dbcb72402d460fec3c106bb1f9fbc5e3fe	DETACHED	0	0	0	0
third_party/libdrm	third_party_libdrm	a8001c555b01add5635cfecd1542f64606a2188d	DETACHED	0	0	0	0
third_party/libedit	third_party_libedit	c520bb78f39505356ceb61c1c9f56dd73f8e7f85	DETACHED	0	0	0	0
third_party/libevdev	third_party_libevdev	52b8ae3472ad460820b9dc55b9f294a93022932e	DETACHED	0	0	0	0
third_party/libexif	third_party_libexif	e1a78389d978ac6ba5c0b1aba995ebee02143c26	DETACHED	0	0	0	0
third_party/libfuse	third_party_libfuse	7aec72348906e44b5534aeb7cce806ebd233f042	DETACHED	0	0	0	0
third_party/libinput	third_party_libinput	4341786c00b756c424a578b9df2b68f40dc50241	DETACHED	0	0	0	0
third_party/libjpeg-turbo	third_party_libjpeg-turbo	a1e3472c2c3bb5ba0479adcabcd106856c9ca585	DETACHED	0	0	0	0
third_party/libnl	third_party_libnl	50736ffd5f57f88ab51e713b4cf75ecf8630cae7	DETACHED	0	0	0	0
third_party/libphonenumber	third_party_libphonenumber	8738aac60c99713d6914a01ae8b47defa2aded57	DETACHED	0	0	0	0
third_party/libpng	third_party_libpng	55ccafd48dabf5355887765faa6e92568622a9a6	DETACHED	0	0	0	0
third_party/libtiff	third_party_libtiff	43829be23c005e2c3d7a1982c46f2952587f4e71	DETACHED	0	0	0	0
third_party/libunwind	third_party_libunwind	6da98a86ca7bf9facc579a066e0895e6ebe31684	DETACHED	0	0	0	0
third_party/liburing	third_party_liburing	114daf593596fc05d3c649e2ed67a924d59a20b3	DETACHED	0	0	0	0
third_party/libusb	third_party_libusb	1e4e50bc39c798b294df278c0004666dc5b93f29	DETACHED	0	0	0	0
third_party/libuv	third_party_libuv	26cb8e7ae51f0d1ee65a390e3225224c28fca2fe	DETACHED	0	0	0	0
third_party/libvpx	third_party_libvpx	603c94e017dcf7bf1c5adac54ec7cb0f9845f9e5	DETACHED	0	0	0	0
third_party/libwebsockets	third_party_libwebsockets	f543415cfb2163de78aa45ac134a43c598768e22	DETACHED	0	0	0	0
third_party/libxml2	third_party_libxml2	c10a7d6a39254123828eb2e1451577ec39440314	DETACHED	0	0	0	0
third_party/littlefs	third_party_littlefs	d05544b226c01ff23df50082721d4701274db04f	DETACHED	0	0	0	0
third_party/ltp	third_party_ltp	229660069ed0f06c2afdb5249d9ea3c18a4afb51	DETACHED	0	0	0	0
third_party/lwip	third_party_lwip	83886e5c2bebe98dc85976deceaccecfd627b950	DETACHED	0	0	0	0
third_party/lz4	third_party_lz4	cf560ea0757c6d839e48f959044f9e74b41b3817	DETACHED	0	0	0	0
third_party/lzma	third_party_lzma	6d1d68ee19cbcfb9bbd64a2daf9bc72f21363b7b	DETACHED	0	0	0	0
third_party/markupsafe	third_party_markupsafe	589f6c7a096276eb5dfb75a870308bc7f9ba3518	DETACHED	0	0	0	0
third_party/mbedtls	third_party_mbedtls	39a270450d9546b2125002f66dc5fb8a0b291895	DETACHED	0	0	0	0
third_party/mesa3d	third_party_mesa3d	339cb11fe4b3b9b6aa5fdcb286929e8dd72a6483	DETACHED	0	0	0	0
third_party/meshoptimizer	third_party_meshoptimizer	c6db1d5a23903ba79cc4ab00f20b9800b48d3dc2	DETACHED	0	0	0	0
third_party/mindspore	third_party_mindspore	63f29c54a7768cc616688d2e3deae4f6f0dd7dd2	DETACHED	0	0	0	0
third_party/mksh	third_party_mksh	d05184eaab44fc58927237f49ad69345edbb2478	DETACHED	0	0	0	0
third_party/mtdev	third_party_mtdev	523a9e6763cbc9f64c73c894c9085ab8d3fe379d	DETACHED	0	0	0	0
third_party/musl	third_party_musl	1ee2d9643e3d68f4a12ca079e582f14d2cc2064d	DETACHED	0	0	0	0
third_party/ncurses	third_party_ncurses	4f2875a075e2963868579698a3b6665549b266e6	DETACHED	0	0	0	0
third_party/nghttp2	third_party_nghttp2	f6b2090dcd11d9bd876829c0578a5d6ea12b1607	DETACHED	0	0	0	0
third_party/ninja	third_party_ninja	1bae6dd94f1df8175d879f101017d6e5e29e5644	DETACHED	0	0	0	0
third_party/node	third_party_node	d6bfaf5c015d29fee58e3c94f01d463fb87a9497	DETACHED	0	0	0	0
third_party/noto-cjk	third_party_noto-cjk	48e8eb6a356e67b7c522311c418dd0b3dccba3e2	DETACHED	0	0	0	0
third_party/notofonts	third_party_notofonts	2fe81756de1753347e9023bdfe3f8a7755d47355	DETACHED	0	0	0	0
third_party/ntfs-3g	third_party_ntfs-3g	c1fc6e9de8fc3a7f2e4c6ff8cafbf50bb3a2cc50	DETACHED	0	0	0	0
third_party/openGLES	third_party_opengles	4cd820dc04a1a90b2d2092ddf49ac4be9debc5e2	DETACHED	0	0	0	0
third_party/openSLES	third_party_opensles	97cc03e5b7473830c7a0b94382c7babe52156a37	DETACHED	0	0	0	0
third_party/opencl-headers	third_party_opencl-headers	7748066d17908ed8e1cb12097b115a2557b1d25d	DETACHED	0	0	0	0
third_party/opencore-amr	third_party_opencore-amr	d7a2194f0ec70ab9fb2fb55aa2ad19963c1ae768	DETACHED	0	0	0	0
third_party/openhitls	third_party_openhitls	ae66fbaf13680da9a7dc699bb1e493d33a630f3b	DETACHED	0	0	0	0
third_party/openmax	third_party_openmax	dd3f4222253f42681556db7731d6c1012428bb3b	DETACHED	0	0	0	0
third_party/openssl	third_party_openssl	359ca918dc8a30c1789c14676e6b7946391723ba	DETACHED	0	0	0	0
third_party/optimized-routines	third_party_optimized_routines	a52a7d4792ef1618a854271e2421e2ab66d24f99	DETACHED	0	0	0	0
third_party/opus	third_party_opus	9368c2c8218e99543adc6565614bc5be956b520a	DETACHED	0	0	0	0
third_party/parse5	third_party_parse5	e2741d61789d82093c07ea5e74035a155944f290	DETACHED	0	0	0	0
third_party/pcre2	third_party_pcre2	f0eb89f421f1da45f498d136b627b4b809db4802	DETACHED	0	0	0	0
third_party/popt	third_party_popt	051ab160bd23767e5de90ec3d7ef67ac0b905d98	DETACHED	0	0	0	0
third_party/protobuf	third_party_protobuf	2af77200a1d9681c24300fe3a43ade25d23eb899	DETACHED	0	0	0	0
third_party/pulseaudio	third_party_pulseaudio	40d6232bfc25077ff1160050f51c5fddedb3ef1e	DETACHED	0	0	0	0
third_party/python	third_party_python	f3f88142908b0c4ae6e9e8f4b3606e7d8215e545	DETACHED	0	0	0	0
third_party/qrcodegen	third_party_qrcodegen	d05d7cd47d3aee52fa3f81a5032d53af2e179a42	DETACHED	0	0	0	0
third_party/re2	third_party_re2	84eb9c28518227c777a06edb6cd318cfe656430a	DETACHED	0	0	0	0
third_party/rust/crates/aho-corasick	third_party_rust_aho-corasick	f543376cf5f75652c611cc9ea810434b0ed6219f	DETACHED	0	0	0	0
third_party/rust/crates/atty	third_party_rust_atty	02fdea76bb3839ee0f41989f26fb6dc1f1e7df87	DETACHED	0	0	0	0
third_party/rust/crates/autocfg	third_party_rust_autocfg	154f6526c2e0698042151136054d72d97a9c2b5c	DETACHED	0	0	0	0
third_party/rust/crates/bindgen	third_party_rust_bindgen	7ad92f7dd9f5eda6960cd03a38a81061b4c44b32	DETACHED	0	0	0	0
third_party/rust/crates/bitflags	third_party_rust_bitflags	1ef9ea1b39a3cf4d521111fe10eb4d6a33b167bc	DETACHED	0	0	0	0
third_party/rust/crates/cfg-if	third_party_rust_cfg-if	d04f0842144ddfc3fb6e0dafdcfe411c03e11f8c	DETACHED	0	0	0	0
third_party/rust/crates/clang-sys	third_party_rust_clang-sys	43553f18e0b48a949ab43f77f23b3c426721f419	DETACHED	0	0	0	0
third_party/rust/crates/clap	third_party_rust_clap	1b0f031d0ec2873a876c1efcdf705f3f5af2d64c	DETACHED	0	0	0	0
third_party/rust/crates/codespan	third_party_rust_codespan	b329b01331254dc55d0f03c24adb057105a5ef3c	DETACHED	0	0	0	0
third_party/rust/crates/cxx	third_party_rust_cxx	838c2274fe36df840031993db258bdcfdd5b7098	DETACHED	0	0	0	0
third_party/rust/crates/either	third_party_rust_either	02a738a52d321ddd5e45e1b75b3d7ebc479b1bae	DETACHED	0	0	0	0
third_party/rust/crates/env_logger	third_party_rust_env_logger	6f399c790c60b4e8a921d7b39a6d649d84349731	DETACHED	0	0	0	0
third_party/rust/crates/foreign-types	third_party_rust_foreign-types	e0fc17a76410e0f60a4120efb8cc7120beca7e18	DETACHED	0	0	0	0
third_party/rust/crates/glob	third_party_rust_glob	2b2b696baf3b8ad564ffdef7f6c697e7662e2134	DETACHED	0	0	0	0
third_party/rust/crates/heck	third_party_rust_heck	25fef0069852cc112ba97ba369c66690f2d90328	DETACHED	0	0	0	0
third_party/rust/crates/humantime	third_party_rust_humantime	3ad86472f4cf27827f42a0fb3d89fee635ce3e9c	DETACHED	0	0	0	0
third_party/rust/crates/io-lifetimes	third_party_rust_io-lifetimes	09da1a5ec1c7fcca15ab36cc1ffe7e41fc700a5d	DETACHED	0	0	0	0
third_party/rust/crates/is-terminal	third_party_rust_is-terminal	bc2a12f195a49df8d96b0ecc064f84a573036f25	DETACHED	0	0	0	0
third_party/rust/crates/lazy-static.rs	third_party_rust_lazy-static.rs	cefde14abdcebae80ffb89c578333e7c5a562233	DETACHED	0	0	0	0
third_party/rust/crates/lazycell	third_party_rust_lazycell	31722a0a95cb36d27ebea7f74b1653677e4edb3e	DETACHED	0	0	0	0
third_party/rust/crates/libc	third_party_rust_libc	ec27c2d47a56a3a6b7bb8055be15cb285506080b	DETACHED	0	0	0	0
third_party/rust/crates/libloading	third_party_rust_libloading	e757bf7dc6ff15cf5323d2f76b4ac82c22a021c1	DETACHED	0	0	0	0
third_party/rust/crates/link-cplusplus	third_party_rust_link-cplusplus	0eddf1cdadb82525c1d0f3b67bb58d6598d7aa0b	DETACHED	0	0	0	0
third_party/rust/crates/linux-raw-sys	third_party_rust_linux-raw-sys	69ed916408b32330f7835a341448106e98e688d5	DETACHED	0	0	0	0
third_party/rust/crates/log	third_party_rust_log	16dec6cbbe5670bf8ddfacb6f3327281695a8fc9	DETACHED	0	0	0	0
third_party/rust/crates/memchr	third_party_rust_memchr	44004ce2adbaef034f2598680d3d2ba6819097b6	DETACHED	0	0	0	0
third_party/rust/crates/memoffset	third_party_rust_memoffset	4d7006117dd43c553501793a313a5f04f1158e92	DETACHED	0	0	0	0
third_party/rust/crates/minimal-lexical	third_party_rust_minimal-lexical	02ba740c690b9acaa305ec35c1649f010d4bf3cc	DETACHED	0	0	0	0
third_party/rust/crates/nix	third_party_rust_nix	878f1bd4254db6c941a69207423c853ca2adbad2	DETACHED	0	0	0	0
third_party/rust/crates/nom	third_party_rust_nom	7d6bdc80b3c092198441fcc25a835f7a13a9598d	DETACHED	0	0	0	0
third_party/rust/crates/once_cell	third_party_rust_once_cell	ea63c0b49611845eb038c9f36d63fcdaa756e06c	DETACHED	0	0	0	0
third_party/rust/crates/os_str_bytes	third_party_rust_os_str_bytes	0012d5c1d0a837f05407eafcb79d9fdac7dfea32	DETACHED	0	0	0	0
third_party/rust/crates/peeking_take_while	third_party_rust_peeking_take_while	365f1c01ed9bf8ccb03a70a88c7c995294f7075b	DETACHED	0	0	0	0
third_party/rust/crates/pin-utils	third_party_rust_pin-utils	d7e49b47c684e52c2d20000fdb6ed7528152a86a	DETACHED	0	0	0	0
third_party/rust/crates/proc-macro-error	third_party_rust_proc-macro-error	26fd617c2a9df3f60a32af8803cc2f004e5a68ef	DETACHED	0	0	0	0
third_party/rust/crates/proc-macro2	third_party_rust_proc-macro2	3ac8ce0ae6ddc866058f00fe84bc18a4c7c65a35	DETACHED	0	0	0	0
third_party/rust/crates/quote	third_party_rust_quote	90007b5d5a85d72ee24ad8c8e944683e2bce9286	DETACHED	0	0	0	0
third_party/rust/crates/regex	third_party_rust_regex	aab7fa923227574863adbdb9cfa42f70cc6847c3	DETACHED	0	0	0	0
third_party/rust/crates/rust-cexpr	third_party_rust_rust-cexpr	316c3db85b3848a0a88dcd0097c91de12f5587b7	DETACHED	0	0	0	0
third_party/rust/crates/rust-openssl	third_party_rust_rust-openssl	d837a42b81ddf93183a1299f9d161f2ac62942ca	DETACHED	0	0	0	0
third_party/rust/crates/rustc-hash	third_party_rust_rustc-hash	3118283cbc723264ce6a775370f913ca5342f549	DETACHED	0	0	0	0
third_party/rust/crates/rustix	third_party_rust_rustix	7765a61d9eedb488c3583a2019941ffe1dc67a9e	DETACHED	0	0	0	0
third_party/rust/crates/serde	third_party_rust_serde	de8374c67954f712a9cbfe9e49c3d63ab1c00570	DETACHED	0	0	0	0
third_party/rust/crates/shlex	third_party_rust_shlex	5dc93235eb485175177bc15a96a0b75e59d4909f	DETACHED	0	0	0	0
third_party/rust/crates/static-assertions-rs	third_party_rust_static-assertions-rs	990de77f9c1127f758006ed8b5011442d071c012	DETACHED	0	0	0	0
third_party/rust/crates/strsim-rs	third_party_rust_strsim-rs	8b3d0327ce29b4bfd1287a7e4348888b8e6b02d0	DETACHED	0	0	0	0
third_party/rust/crates/syn	third_party_rust_syn	3fbfc3bacf694c374537c212dad68595e7a775b5	DETACHED	0	0	0	0
third_party/rust/crates/termcolor	third_party_rust_termcolor	283917a41c9b4e58fafc2c766afb5ac34995e01f	DETACHED	0	0	0	0
third_party/rust/crates/unicode-ident	third_party_rust_unicode-ident	5c2e686879fead118217402fb8d85875bdbd613e	DETACHED	0	0	0	0
third_party/rust/crates/unicode-width	third_party_rust_unicode-width	7275f6b27f289bd857bc0b42b69991f6322e798c	DETACHED	0	0	0	0
third_party/rust/crates/version_check	third_party_rust_version_check	aa68f8a0cfd5131f6418f82ab05201fbe10155f5	DETACHED	0	0	0	0
third_party/rust/crates/which-rs	third_party_rust_which-rs	2103a28ad2c50f2b9b31ef4c3dbc0d32ebad0e46	DETACHED	0	0	0	0
third_party/rust/rust	third_party_rust_rust	2d58f0b35ba9206eb026b50246c71c872a915bb5	DETACHED	0	0	0	0
third_party/sane-airscan	third_party_sane-airscan	6bd973c4bd430e01f8e7e787cdb53d9e3fcb9014	DETACHED	0	0	0	0
third_party/selinux	third_party_selinux	0dd9f44c912472626c8c11de85e634a886720424	DETACHED	0	0	0	0
third_party/skia	third_party_skia	9e0bc417bdb954d17aa51cd5ef150d549b25a37d	DETACHED	0	0	0	0
third_party/sonic	third_party_sonic	521542c4768d8d3db7dc098e54156da59fb03bac	DETACHED	0	0	0	0
third_party/spirv-headers	third_party_spirv-headers	b2a28eda047799311522f61933774f6057287f0b	DETACHED	0	0	0	0
third_party/spirv-tools	third_party_spirv-tools	7ad9043328bee4ca2089129efd171278e122fcc2	DETACHED	0	0	0	0
third_party/sqlite	third_party_sqlite	c29f44349544c64975b89fa957d51a1d94889dcf	DETACHED	0	0	0	0
third_party/tex-hyphen	third_party_tex-hyphen	f39ab30372536416127d6fdfaf802807fa086309	DETACHED	0	0	0	0
third_party/toybox	third_party_toybox	6e7d558fe7bfb55880073e36f18b7d8f9e31ea16	DETACHED	0	0	0	0
third_party/typescript	third_party_typescript	f2a0cebe8c27e167592384ad6ad0353e2162f3f3	DETACHED	0	0	0	0
third_party/tzdata	third_party_tzdata	d1483dc6a8fecf30f6da4223eb3fd45614d45db4	DETACHED	0	0	0	0
third_party/unity	third_party_unity	d3ffab559a177a171b87cb1bbd4c6d611a439e28	DETACHED	0	0	0	0
third_party/vixl	third_party_vixl	c13ff2348108b3c33aef1456051f1530d1ea2742	DETACHED	0	0	0	0
third_party/vk-gl-cts	third_party_vk-gl-cts	9536bc43fa66beb1a89fad20030156c49ad4e982	DETACHED	73	0	73	0
third_party/vma	third_party_vma	2943daafd3d8d594c3d7cd04d5c54c7457ccce2b	DETACHED	0	0	0	0
third_party/vulkan-headers	third_party_vulkan-headers	b3ea56c42f4606df48cd69fa3434e9c58820b28d	DETACHED	0	0	0	0
third_party/vulkan-loader	third_party_vulkan-loader	3a39917fe139dd73d222e6fd8398fe4a219dcc8c	DETACHED	0	0	0	0
third_party/weex-loader	third_party_weex-loader	71098b573dca143fceeae0defb92e197c6f2a09a	DETACHED	0	0	0	0
third_party/wpa_supplicant	third_party_wpa_supplicant	e613b01c5faa6702e81ea55d429f5ec7314aa75c	DETACHED	0	0	0	0
third_party/xmp_toolkit_sdk	third_party_xmp_toolkit_sdk	adfe2e40a6a0e394b555f4918ef220cea7bd34bc	DETACHED	0	0	0	0
third_party/zlib	third_party_zlib	511031649072e0ab25558c5b837243fff35f4fc3	DETACHED	0	0	0	0
vendor/hihope	vendor_hihope	bc68158bcfc189ebcb360a7c7a8a3a80f9bad922	DETACHED	0	0	0	0
vendor/hisilicon	vendor_hisilicon	70cd017c7a515e026b1f50702433f7e386ae16f6	DETACHED	0	0	0	0
vendor/ohemu	vendor_ohemu	9c97c69548c5c539271d62d68bb523572d083853	DETACHED	0	0	0	0
vendor/revoview	vendor_revoview	62fe57bf0245631e88d5d7c0fd6385b437354371	DETACHED	0	0	0	0
