subsystem	component	part
ability	ability_base	ability:ability_base
ability	ability_runtime	ability:ability_runtime
ability	dmsfwk	ability:dmsfwk
ability	form_fwk	ability:form_fwk
ability	idl_tool	ability:idl_tool
accesscontrol	sandbox_manager	accesscontrol:sandbox_manager
account	os_account	account:os_account
advertising	advertising	advertising:advertising
advertising	oaid	advertising:oaid
ai	intelligent_voice_framework	ai:intelligent_voice_framework
ai	mindspore	ai:mindspore
ai	neural_network_runtime	ai:neural_network_runtime
applications	auth_widget	applications:auth_widget
applications	calendar_data	applications:calendar_data
applications	dlp_manager	applications:dlp_manager
applications	permission_manager	applications:permission_manager
applications	prebuilt_hap	applications:prebuilt_hap
applications	settings	applications:settings
applications	user_certificate_manager	applications:user_certificate_manager
arkcompiler	ace_js2bundle	arkcompiler:ace_js2bundle
arkcompiler	ets_frontend	arkcompiler:ets_frontend
arkcompiler	ets_runtime	arkcompiler:ets_runtime
arkcompiler	runtime_core	arkcompiler:runtime_core
arkcompiler	taihe_ffi_gen	arkcompiler:taihe_ffi_gen
arkcompiler	toolchain	arkcompiler:toolchain
arkui	ace_engine	arkui:ace_engine
arkui	advanced_ui_component	arkui:advanced_ui_component
arkui	napi	arkui:napi
arkui	ui_appearance	arkui:ui_appearance
arkui	ui_lite	arkui:ui_lite
barrierfree	accessibility	barrierfree:accessibility
build	build_framework	build:build_framework
bundlemanager	app_domain_verify	bundlemanager:app_domain_verify
bundlemanager	bundle_framework	bundlemanager:bundle_framework
bundlemanager	bundle_tool	bundlemanager:bundle_tool
bundlemanager	distributed_bundle_framework	bundlemanager:distributed_bundle_framework
bundlemanager	ecological_rule_manager	bundlemanager:ecological_rule_manager
castplus	cast_engine	castplus:cast_engine
castplus	sharing_framework	castplus:sharing_framework
commonlibrary	c_utils	commonlibrary:c_utils
commonlibrary	ets_utils	commonlibrary:ets_utils
commonlibrary	memory_utils	commonlibrary:memory_utils
commonlibrary	ylong_http	commonlibrary:ylong_http
commonlibrary	ylong_json	commonlibrary:ylong_json
commonlibrary	ylong_runtime	commonlibrary:ylong_runtime
communication	bluetooth	communication:bluetooth
communication	bluetooth_native_js	communication:bluetooth_native_js
communication	bluetooth_service	communication:bluetooth_service
communication	dhcp	communication:dhcp
communication	dsoftbus	communication:dsoftbus
communication	fusion_connectivity	communication:fusion_connectivity
communication	ipc	communication:ipc
communication	net_manager	communication:net_manager
communication	netmanager_base	communication:netmanager_base
communication	netmanager_ext	communication:netmanager_ext
communication	netstack	communication:netstack
communication	t2stack	communication:t2stack
communication	wifi	communication:wifi
contacts_data	contacts_data	contacts_data:contacts_data
customization	config_policy	customization:config_policy
customization	enterprise_device_management	customization:enterprise_device_management
developtools	ace_ets2bundle	developtools:ace_ets2bundle
developtools	hdc	developtools:hdc
developtools	hiperf	developtools:hiperf
developtools	hiprofiler	developtools:hiprofiler
developtools	packing_tool	developtools:packing_tool
developtools	smartperf_host	developtools:smartperf_host
developtools	syscap_codec	developtools:syscap_codec
device_rk3568	device_rk3568	device_rk3568:device_rk3568
deviceprofile	device_info_manager	deviceprofile:device_info_manager
distributeddatamgr	data_object	distributeddatamgr:data_object
distributeddatamgr	data_share	distributeddatamgr:data_share
distributeddatamgr	datamgr_service	distributeddatamgr:datamgr_service
distributeddatamgr	kv_store	distributeddatamgr:kv_store
distributeddatamgr	pasteboard	distributeddatamgr:pasteboard
distributeddatamgr	preferences	distributeddatamgr:preferences
distributeddatamgr	relational_store	distributeddatamgr:relational_store
distributeddatamgr	udmf	distributeddatamgr:udmf
distributedhardware	device_manager	distributedhardware:device_manager
distributedhardware	distributed_audio	distributedhardware:distributed_audio
distributedhardware	distributed_camera	distributedhardware:distributed_camera
distributedhardware	distributed_hardware_fwk	distributedhardware:distributed_hardware_fwk
distributedhardware	distributed_input	distributedhardware:distributed_input
distributedhardware	distributed_screen	distributedhardware:distributed_screen
distributedhardware	mechbody_controller	distributedhardware:mechbody_controller
filemanagement	app_file_service	filemanagement:app_file_service
filemanagement	dfs_service	filemanagement:dfs_service
filemanagement	disk_manager	filemanagement:disk_manager
filemanagement	file_api	filemanagement:file_api
filemanagement	storage_service	filemanagement:storage_service
filemanagement	user_file_service	filemanagement:user_file_service
game	game_controller_framework	game:game_controller_framework
global	font_manager	global:font_manager
global	i18n	global:i18n
global	resource_management	global:resource_management
global	system_resources	global:system_resources
global	timezone	global:timezone
graphic	graphic_2d	graphic:graphic_2d
graphic	graphic_3d	graphic:graphic_3d
graphic	graphic_surface	graphic:graphic_surface
graphic	graphic_utils_lite	graphic:graphic_utils_lite
graphic	graphics_effect	graphic:graphics_effect
graphic	vulkan-headers	graphic:vulkan-headers
graphic	vulkan-loader	graphic:vulkan-loader
hdf	drivers_devhost	hdf:drivers_devhost
hdf	drivers_interface_audio	hdf:drivers_interface_audio
hdf	drivers_interface_battery	hdf:drivers_interface_battery
hdf	drivers_interface_bluetooth	hdf:drivers_interface_bluetooth
hdf	drivers_interface_camera	hdf:drivers_interface_camera
hdf	drivers_interface_codec	hdf:drivers_interface_codec
hdf	drivers_interface_display	hdf:drivers_interface_display
hdf	drivers_interface_distributed_audio	hdf:drivers_interface_distributed_audio
hdf	drivers_interface_distributed_camera	hdf:drivers_interface_distributed_camera
hdf	drivers_interface_drm	hdf:drivers_interface_drm
hdf	drivers_interface_ethernet	hdf:drivers_interface_ethernet
hdf	drivers_interface_face_auth	hdf:drivers_interface_face_auth
hdf	drivers_interface_fingerprint_auth	hdf:drivers_interface_fingerprint_auth
hdf	drivers_interface_huks	hdf:drivers_interface_huks
hdf	drivers_interface_input	hdf:drivers_interface_input
hdf	drivers_interface_intelligent_voice	hdf:drivers_interface_intelligent_voice
hdf	drivers_interface_light	hdf:drivers_interface_light
hdf	drivers_interface_location_agnss	hdf:drivers_interface_location_agnss
hdf	drivers_interface_location_geofence	hdf:drivers_interface_location_geofence
hdf	drivers_interface_location_gnss	hdf:drivers_interface_location_gnss
hdf	drivers_interface_lpplayer	hdf:drivers_interface_lpplayer
hdf	drivers_interface_memorytracker	hdf:drivers_interface_memorytracker
hdf	drivers_interface_midi	hdf:drivers_interface_midi
hdf	drivers_interface_motion	hdf:drivers_interface_motion
hdf	drivers_interface_nnrt	hdf:drivers_interface_nnrt
hdf	drivers_interface_partitionslot	hdf:drivers_interface_partitionslot
hdf	drivers_interface_pin_auth	hdf:drivers_interface_pin_auth
hdf	drivers_interface_power	hdf:drivers_interface_power
hdf	drivers_interface_ril	hdf:drivers_interface_ril
hdf	drivers_interface_sensor	hdf:drivers_interface_sensor
hdf	drivers_interface_thermal	hdf:drivers_interface_thermal
hdf	drivers_interface_usb	hdf:drivers_interface_usb
hdf	drivers_interface_user_auth	hdf:drivers_interface_user_auth
hdf	drivers_interface_vibrator	hdf:drivers_interface_vibrator
hdf	drivers_interface_wlan	hdf:drivers_interface_wlan
hdf	drivers_peripheral_audio	hdf:drivers_peripheral_audio
hdf	drivers_peripheral_battery	hdf:drivers_peripheral_battery
hdf	drivers_peripheral_bluetooth	hdf:drivers_peripheral_bluetooth
hdf	drivers_peripheral_camera	hdf:drivers_peripheral_camera
hdf	drivers_peripheral_clearplay	hdf:drivers_peripheral_clearplay
hdf	drivers_peripheral_codec	hdf:drivers_peripheral_codec
hdf	drivers_peripheral_display	hdf:drivers_peripheral_display
hdf	drivers_peripheral_distributed_audio	hdf:drivers_peripheral_distributed_audio
hdf	drivers_peripheral_distributed_camera	hdf:drivers_peripheral_distributed_camera
hdf	drivers_peripheral_ethernet	hdf:drivers_peripheral_ethernet
hdf	drivers_peripheral_face_auth	hdf:drivers_peripheral_face_auth
hdf	drivers_peripheral_fingerprint_auth	hdf:drivers_peripheral_fingerprint_auth
hdf	drivers_peripheral_huks	hdf:drivers_peripheral_huks
hdf	drivers_peripheral_input	hdf:drivers_peripheral_input
hdf	drivers_peripheral_intelligent_voice	hdf:drivers_peripheral_intelligent_voice
hdf	drivers_peripheral_light	hdf:drivers_peripheral_light
hdf	drivers_peripheral_location_agnss	hdf:drivers_peripheral_location_agnss
hdf	drivers_peripheral_location_geofence	hdf:drivers_peripheral_location_geofence
hdf	drivers_peripheral_location_gnss	hdf:drivers_peripheral_location_gnss
hdf	drivers_peripheral_memorytracker	hdf:drivers_peripheral_memorytracker
hdf	drivers_peripheral_midi	hdf:drivers_peripheral_midi
hdf	drivers_peripheral_motion	hdf:drivers_peripheral_motion
hdf	drivers_peripheral_partitionslot	hdf:drivers_peripheral_partitionslot
hdf	drivers_peripheral_pin_auth	hdf:drivers_peripheral_pin_auth
hdf	drivers_peripheral_power	hdf:drivers_peripheral_power
hdf	drivers_peripheral_ril	hdf:drivers_peripheral_ril
hdf	drivers_peripheral_sensor	hdf:drivers_peripheral_sensor
hdf	drivers_peripheral_thermal	hdf:drivers_peripheral_thermal
hdf	drivers_peripheral_usb	hdf:drivers_peripheral_usb
hdf	drivers_peripheral_user_auth	hdf:drivers_peripheral_user_auth
hdf	drivers_peripheral_vibrator	hdf:drivers_peripheral_vibrator
hdf	drivers_peripheral_wlan	hdf:drivers_peripheral_wlan
hdf	drivers_tools	hdf:drivers_tools
hdf	external_device_manager	hdf:external_device_manager
hdf	hdf_core	hdf:hdf_core
hdf	ril_device_driver_interface	hdf:ril_device_driver_interface
hiviewdfx	api_metrics	hiviewdfx:api_metrics
hiviewdfx	faultloggerd	hiviewdfx:faultloggerd
hiviewdfx	hiappevent	hiviewdfx:hiappevent
hiviewdfx	hichecker	hiviewdfx:hichecker
hiviewdfx	hicollie	hiviewdfx:hicollie
hiviewdfx	hidumper	hiviewdfx:hidumper
hiviewdfx	hilog	hiviewdfx:hilog
hiviewdfx	hisysevent	hiviewdfx:hisysevent
hiviewdfx	hitrace	hiviewdfx:hitrace
hiviewdfx	hiview	hiviewdfx:hiview
inputmethod	imf	inputmethod:imf
location	location	location:location
location	location_common	location:location_common
location	location_geocode	location:location_geocode
location	location_gnss	location:location_gnss
location	location_locator	location:location_locator
location	location_network	location:location_network
location	location_passive	location:location_passive
msdp	device_status	msdp:device_status
multimedia	audio_framework	multimedia:audio_framework
multimedia	av_codec	multimedia:av_codec
multimedia	av_session	multimedia:av_session
multimedia	camera_framework	multimedia:camera_framework
multimedia	drm_framework	multimedia:drm_framework
multimedia	image_effect	multimedia:image_effect
multimedia	image_framework	multimedia:image_framework
multimedia	media_foundation	multimedia:media_foundation
multimedia	media_library	multimedia:media_library
multimedia	midi_framework	multimedia:midi_framework
multimedia	player_framework	multimedia:player_framework
multimedia	ringtone_library	multimedia:ringtone_library
multimedia	video_processing_engine	multimedia:video_processing_engine
multimodalinput	input	multimodalinput:input
notification	common_event_service	notification:common_event_service
notification	distributed_notification_service	notification:distributed_notification_service
notification	eventhandler	notification:eventhandler
officeservice	object_editor	officeservice:object_editor
ostest	wukong	ostest:wukong
powermgr	battery_manager	powermgr:battery_manager
powermgr	battery_statistics	powermgr:battery_statistics
powermgr	display_manager	powermgr:display_manager
powermgr	power_manager	powermgr:power_manager
powermgr	thermal_manager	powermgr:thermal_manager
print	print_fwk	print:print_fwk
product_rk3568	product_rk3568	product_rk3568:product_rk3568
request	request	request:request
resourceschedule	background_task_mgr	resourceschedule:background_task_mgr
resourceschedule	device_standby	resourceschedule:device_standby
resourceschedule	device_usage_statistics	resourceschedule:device_usage_statistics
resourceschedule	ffrt	resourceschedule:ffrt
resourceschedule	frame_aware_sched	resourceschedule:frame_aware_sched
resourceschedule	memmgr	resourceschedule:memmgr
resourceschedule	qos_manager	resourceschedule:qos_manager
resourceschedule	resource_schedule_service	resourceschedule:resource_schedule_service
resourceschedule	soc_perf	resourceschedule:soc_perf
resourceschedule	work_scheduler	resourceschedule:work_scheduler
rockchip_products	rockchip_products	rockchip_products:rockchip_products
sdk	sdk	sdk:sdk
security	access_token	security:access_token
security	appverify	security:appverify
security	asset	security:asset
security	certificate_framework	security:certificate_framework
security	certificate_manager	security:certificate_manager
security	code_signature	security:code_signature
security	crypto_framework	security:crypto_framework
security	dataclassification	security:dataclassification
security	device_auth	security:device_auth
security	device_security_level	security:device_security_level
security	dlp_permission_service	security:dlp_permission_service
security	huks	security:huks
security	security_component_manager	security:security_component_manager
security	security_guard	security:security_guard
security	selinux_adapter	security:selinux_adapter
sensors	miscdevice	sensors:miscdevice
sensors	sensor	sensors:sensor
sensors	start	sensors:start
startup	appspawn	startup:appspawn
startup	init	startup:init
startup	startup_l2	startup:startup_l2
systemabilitymgr	safwk	systemabilitymgr:safwk
systemabilitymgr	samgr	systemabilitymgr:samgr
systemabilitymgr	selectionfwk	systemabilitymgr:selectionfwk
tee	tee_client	tee:tee_client
telephony	call_manager	telephony:call_manager
telephony	cellular_call	telephony:cellular_call
telephony	cellular_data	telephony:cellular_data
telephony	core_service	telephony:core_service
telephony	ril_adapter	telephony:ril_adapter
telephony	sms_mms	telephony:sms_mms
telephony	state_registry	telephony:state_registry
telephony	telephony_data	telephony:telephony_data
testfwk	arkxtest	testfwk:arkxtest
theme	screenlock_mgr	theme:screenlock_mgr
theme	wallpaper_mgr	theme:wallpaper_mgr
thirdparty	FreeBSD	thirdparty:FreeBSD
thirdparty	abseil-cpp	thirdparty:abseil-cpp
thirdparty	alsa-lib	thirdparty:alsa-lib
thirdparty	astc-encoder	thirdparty:astc-encoder
thirdparty	backends	thirdparty:backends
thirdparty	bounds_checking_function	thirdparty:bounds_checking_function
thirdparty	brotli	thirdparty:brotli
thirdparty	bzip2	thirdparty:bzip2
thirdparty	cJSON	thirdparty:cJSON
thirdparty	cares	thirdparty:cares
thirdparty	cups	thirdparty:cups
thirdparty	cups-filters	thirdparty:cups-filters
thirdparty	curl	thirdparty:curl
thirdparty	dav1d	thirdparty:dav1d
thirdparty	decimal.js	thirdparty:decimal.js
thirdparty	e2fsprogs	thirdparty:e2fsprogs
thirdparty	egl	thirdparty:egl
thirdparty	elfio	thirdparty:elfio
thirdparty	exfatprogs	thirdparty:exfatprogs
thirdparty	expat	thirdparty:expat
thirdparty	f2fs-tools	thirdparty:f2fs-tools
thirdparty	ffmpeg	thirdparty:ffmpeg
thirdparty	flatbuffers	thirdparty:flatbuffers
thirdparty	freetype	thirdparty:freetype
thirdparty	fsverity-utils	thirdparty:fsverity-utils
thirdparty	gptfdisk	thirdparty:gptfdisk
thirdparty	grpc	thirdparty:grpc
thirdparty	harfbuzz	thirdparty:harfbuzz
thirdparty	icu	thirdparty:icu
thirdparty	jerryscript	thirdparty:jerryscript
thirdparty	jsframework	thirdparty:jsframework
thirdparty	json	thirdparty:json
thirdparty	jsoncpp	thirdparty:jsoncpp
thirdparty	lame	thirdparty:lame
thirdparty	libbpf	thirdparty:libbpf
thirdparty	libcoap	thirdparty:libcoap
thirdparty	libdrm	thirdparty:libdrm
thirdparty	libevdev	thirdparty:libevdev
thirdparty	libexif	thirdparty:libexif
thirdparty	libfuse	thirdparty:libfuse
thirdparty	libinput	thirdparty:libinput
thirdparty	libjpeg-turbo	thirdparty:libjpeg-turbo
thirdparty	libnl	thirdparty:libnl
thirdparty	libphonenumber	thirdparty:libphonenumber
thirdparty	libpng	thirdparty:libpng
thirdparty	libtiff	thirdparty:libtiff
thirdparty	libunwind	thirdparty:libunwind
thirdparty	liburing	thirdparty:liburing
thirdparty	libusb	thirdparty:libusb
thirdparty	libuv	thirdparty:libuv
thirdparty	libvpx	thirdparty:libvpx
thirdparty	libwebsockets	thirdparty:libwebsockets
thirdparty	libxml2	thirdparty:libxml2
thirdparty	lz4	thirdparty:lz4
thirdparty	lzma	thirdparty:lzma
thirdparty	mbedtls	thirdparty:mbedtls
thirdparty	meshoptimizer	thirdparty:meshoptimizer
thirdparty	mksh	thirdparty:mksh
thirdparty	mtdev	thirdparty:mtdev
thirdparty	musl	thirdparty:musl
thirdparty	nghttp2	thirdparty:nghttp2
thirdparty	node	thirdparty:node
thirdparty	noto-cjk	thirdparty:noto-cjk
thirdparty	notofonts	thirdparty:notofonts
thirdparty	ntfs-3g	thirdparty:ntfs-3g
thirdparty	opencl-headers	thirdparty:opencl-headers
thirdparty	opencore-amr	thirdparty:opencore-amr
thirdparty	opengles	thirdparty:opengles
thirdparty	openhitls	thirdparty:openhitls
thirdparty	openmax	thirdparty:openmax
thirdparty	opensles	thirdparty:opensles
thirdparty	openssl	thirdparty:openssl
thirdparty	optimized_routines	thirdparty:optimized_routines
thirdparty	opus	thirdparty:opus
thirdparty	parse5	thirdparty:parse5
thirdparty	pcre2	thirdparty:pcre2
thirdparty	popt	thirdparty:popt
thirdparty	protobuf	thirdparty:protobuf
thirdparty	pulseaudio	thirdparty:pulseaudio
thirdparty	qrcodegen	thirdparty:qrcodegen
thirdparty	re2	thirdparty:re2
thirdparty	rust_bindgen	thirdparty:rust_bindgen
thirdparty	rust_cxx	thirdparty:rust_cxx
thirdparty	rust_libc	thirdparty:rust_libc
thirdparty	rust_rust-openssl	thirdparty:rust_rust-openssl
thirdparty	sane-airscan	thirdparty:sane-airscan
thirdparty	selinux	thirdparty:selinux
thirdparty	skia	thirdparty:skia
thirdparty	sonic	thirdparty:sonic
thirdparty	spirv-tools	thirdparty:spirv-tools
thirdparty	sqlite	thirdparty:sqlite
thirdparty	tex-hyphen	thirdparty:tex-hyphen
thirdparty	toybox	thirdparty:toybox
thirdparty	typescript	thirdparty:typescript
thirdparty	tzdata	thirdparty:tzdata
thirdparty	vixl	thirdparty:vixl
thirdparty	vk-gl-cts	thirdparty:vk-gl-cts
thirdparty	vma	thirdparty:vma
thirdparty	weex-loader	thirdparty:weex-loader
thirdparty	wpa_supplicant	thirdparty:wpa_supplicant
thirdparty	xmp_toolkit_sdk	thirdparty:xmp_toolkit_sdk
thirdparty	zlib	thirdparty:zlib
time	time_service	time:time_service
updater	sys_installer	updater:sys_installer
updater	update_service	updater:update_service
updater	updater	updater:updater
usb	usb_manager	usb:usb_manager
useriam	companion_device_auth	useriam:companion_device_auth
useriam	face_auth	useriam:face_auth
useriam	fingerprint_auth	useriam:fingerprint_auth
useriam	pin_auth	useriam:pin_auth
useriam	user_auth_framework	useriam:user_auth_framework
web	webview	web:webview
window	window_manager	window:window_manager
xts	acts	xts:acts
xts	dcts	xts:dcts
xts	device_attest	xts:device_attest
xts	hats	xts:hats
