subsystem	component	repository_path	repository	bundle_path	rk3568_selected	adapted_system_types	component_dependency_count	third_party_dependency_count	declared_sub_component_count	inner_kit_count	declared_test_entry_count	gn_target_count	production_target_count	test_target_count	build_support_target_count	aggregate_codegen_target_count
ability	ability_base	foundation/ability/ability_base	ability_ability_base	foundation/ability/ability_base/bundle.json	yes	standard	12	0	1	10	2	123	10	88	24	1
ability	ability_cangjie_wrapper	foundation/ability/ability_cangjie_wrapper	ability_ability_cangjie_wrapper	foundation/ability/ability_cangjie_wrapper/bundle.json	no	standard	12	0	2	8	0	27	24	1	0	2
ability	ability_lite	foundation/ability/ability_lite	ability_ability_lite	foundation/ability/ability_lite/bundle.json	no	mini,small	7	3	3	0	0	25	13	5	2	5
ability	ability_runtime	foundation/ability/ability_runtime	ability_ability_runtime	foundation/ability/ability_runtime/bundle.json	yes	standard	75	0	46	81	12	3810	558	2771	201	280
ability	dmsfwk	foundation/ability/dmsfwk	ability_dmsfwk	foundation/ability/dmsfwk/bundle.json	yes	standard	56	0	0	6	9	233	36	156	25	16
ability	dmsfwk_lite	foundation/ability/dmsfwk_lite	ability_dmsfwk_lite	foundation/ability/dmsfwk_lite/bundle.json	no	small	6	2	2	1	0	5	2	2	0	1
ability	form_fwk	foundation/ability/form_fwk	ability_form_fwk	foundation/ability/form_fwk/bundle.json	yes	standard	49	2	0	10	3	675	72	531	39	33
ability	idl_tool	foundation/ability/idl_tool	ability_idl_tool	foundation/ability/idl_tool/bundle.json	yes	standard	6	0	2	1	6	146	1	123	21	1
ai	ai_engine	foundation/ai/ai_engine	ai_engine	foundation/ai/ai_engine/bundle.json	no	small	4	1	1	0	1	57	35	15	3	4
ai	intelligent_voice_framework	foundation/ai/intelligent_voice_framework	ai_intelligent_voice_framework	foundation/ai/intelligent_voice_framework/bundle.json	yes	standard	27	0	12	2	1	37	16	15	1	5
ai	neural_network_runtime	foundation/ai/neural_network_runtime	ai_neural_network_runtime	foundation/ai/neural_network_runtime/bundle.json	yes	standard	12	0	1	3	2	89	8	58	15	8
arkui	ace_engine	foundation/arkui/ace_engine	arkui_ace_engine	foundation/arkui/ace_engine/bundle.json	yes	standard	75	0	0	13	2	1358	479	496	147	236
arkui	ace_engine_lite	foundation/arkui/ace_engine_lite	arkui_ace_engine_lite	foundation/arkui/ace_engine_lite/bundle.json	no	mini,small	17	2	2	1	0	79	9	62	5	3
arkui	advanced_ui_component	foundation/arkui/advanced_ui_component	arkui_advanced_ui_component	foundation/arkui/advanced_ui_component/bundle.json	yes	standard	6	0	10	0	0	45	22	0	0	23
arkui	arkui_cangjie_wrapper	foundation/arkui/arkui_cangjie_wrapper	arkui_arkui_cangjie_wrapper	foundation/arkui/arkui_cangjie_wrapper/bundle.json	no	standard	7	0	2	6	0	96	94	0	0	2
arkui	napi	foundation/arkui/napi	arkui_napi	foundation/arkui/napi/bundle.json	yes	standard	17	1	0	8	5	139	92	34	9	4
arkui	ui_appearance	foundation/arkui/ui_appearance	arkui_ui_appearance	foundation/arkui/ui_appearance/bundle.json	yes	standard	17	0	2	1	1	28	11	10	4	3
arkui	ui_lite	foundation/arkui/ui_lite	arkui_ui_lite	foundation/arkui/ui_lite/bundle.json	yes	mini,small,standard	11	0	3	3	0	28	6	7	9	6
barrierfree	accessibility	foundation/barrierfree/accessibility	accessibility	foundation/barrierfree/accessibility/bundle.json	yes	standard	40	0	0	6	11	199	31	131	26	11
bundlemanager	app_domain_verify	foundation/bundlemanager/app_domain_verify	bundlemanager_app_domain_verify	foundation/bundlemanager/app_domain_verify/bundle.json	yes	standard	26	1	1	7	2	80	16	27	33	4
bundlemanager	bundle_framework	foundation/bundlemanager/bundle_framework	bundlemanager_bundle_framework	foundation/bundlemanager/bundle_framework/bundle.json	yes	standard	63	1	3	12	1	1530	98	1334	53	45
bundlemanager	bundle_framework_lite	foundation/bundlemanager/bundle_framework_lite	bundlemanager_bundle_framework_lite	foundation/bundlemanager/bundle_framework_lite/bundle.json	no	mini,small	7	4	2	2	0	16	11	0	1	4
bundlemanager	bundle_tool	foundation/bundlemanager/bundle_tool	bundlemanager_bundle_tool	foundation/bundlemanager/bundle_tool/bundle.json	yes	standard	21	0	2	0	3	43	4	31	5	3
bundlemanager	bundlemanager_cangjie_wrapper	foundation/bundlemanager/bundlemanager_cangjie_wrapper	bundlemanager_bundlemanager_cangjie_wrapper	foundation/bundlemanager/bundlemanager_cangjie_wrapper/bundle.json	no	standard	5	0	4	3	0	6	5	0	0	1
bundlemanager	distributed_bundle_framework	foundation/bundlemanager/distributed_bundle_framework	bundlemanager_distributed_bundle_framework	foundation/bundlemanager/distributed_bundle_framework/bundle.json	yes	standard	23	0	4	1	1	36	10	13	2	11
bundlemanager	ecological_rule_manager	foundation/bundlemanager/ecological_rule_manager	bundlemanager_ecological_rule_manager	foundation/bundlemanager/ecological_rule_manager/bundle.json	yes	standard	10	0	1	2	1	11	4	2	4	1
castplus	cast_engine	foundation/CastEngine/castengine_cast_framework	castengine_cast_framework	foundation/CastEngine/castengine_cast_framework/bundle.json	yes	standard	41	2	5	1	0	27	14	0	13	0
castplus	sharing_framework	foundation/CastEngine/castengine_wifi_display	castengine_wifi_display	foundation/CastEngine/castengine_wifi_display/bundle.json	yes	standard	35	4	0	1	3	150	38	93	15	4
communication	bluetooth	foundation/communication/bluetooth	communication_bluetooth	foundation/communication/bluetooth/bundle.json	yes	standard	23	0	0	11	1	107	58	9	11	29
communication	bluetooth_service	foundation/communication/bluetooth_service	communication_bluetooth_service	foundation/communication/bluetooth_service/bundle.json	yes	standard	31	0	0	0	8	91	15	51	23	2
communication	communication_cangjie_wrapper	foundation/communication/communication_cangjie_wrapper	communication_communication_cangjie_wrapper	foundation/communication/communication_cangjie_wrapper/bundle.json	no	standard	3	0	2	3	0	3	2	0	0	1
communication	connected_nfc_tag	foundation/communication/connected_nfc_tag	communication_connected_nfc_tag	foundation/communication/connected_nfc_tag/bundle.json	no	standard	10	0	0	1	1	34	7	23	3	1
communication	connectivity_cangjie_wrapper	foundation/communication/connectivity_cangjie_wrapper	connectivity_connectivity_cangjie_wrapper	foundation/communication/connectivity_cangjie_wrapper/bundle.json	no	standard	4	0	9	2	0	10	9	0	0	1
communication	dhcp	foundation/communication/dhcp	communication_dhcp	foundation/communication/dhcp/bundle.json	yes	small,standard	14	1	0	0	2	50	15	27	8	0
communication	dsoftbus	foundation/communication/dsoftbus	communication_dsoftbus	foundation/communication/dsoftbus/bundle.json	yes	mini,small,standard	43	8	0	9	4	977	47	889	27	14
communication	fusion_connectivity	foundation/communication/fusion_connectivity	communication_fusion_connectivity	foundation/communication/fusion_connectivity/bundle.json	yes	standard	22	0	0	1	2	71	29	19	14	9
communication	ipc	foundation/communication/ipc	communication_ipc	foundation/communication/ipc/bundle.json	yes	standard,small,mini	17	0	3	12	1	424	40	342	32	10
communication	netmanager_base	foundation/communication/netmanager_base	communication_netmanager_base	foundation/communication/netmanager_base/bundle.json	yes	standard	51	0	0	19	2	220	102	83	27	8
communication	netmanager_cangjie_wrapper	foundation/communication/netmanager_cangjie_wrapper	netmanager_netmanager_cangjie_wrapper	foundation/communication/netmanager_cangjie_wrapper/bundle.json	no	standard	4	0	4	2	0	5	4	0	0	1
communication	netmanager_ext	foundation/communication/netmanager_ext	communication_netmanager_ext	foundation/communication/netmanager_ext/bundle.json	yes	standard	44	0	0	9	1	165	77	48	22	18
communication	netstack	foundation/communication/netstack	communication_netstack	foundation/communication/netstack/bundle.json	yes	standard	29	0	0	10	1	100	41	41	13	5
communication	nfc	foundation/communication/nfc	communication_nfc	foundation/communication/nfc/bundle.json	no	standard	30	0	0	7	1	271	29	215	16	11
communication	t2stack	foundation/communication/t2stack	communication_t2stack	foundation/communication/t2stack/bundle.json	yes	mini,small,standard	8	8	0	0	0	27	13	5	8	1
communication	wifi	foundation/communication/wifi	communication_wifi	foundation/communication/wifi/wifi/bundle.json	yes	small,standard	46	2	0	0	2	178	75	58	30	15
communication	wifi_aware	foundation/communication/wifi_aware	communication_wifi_aware	foundation/communication/wifi_aware/bundle.json	no	small,standard	0	0	1	0	0	1	1	0	0	0
communication	wifi_lite	foundation/communication/wifi_lite	communication_wifi_lite	foundation/communication/wifi_lite/bundle.json	no	mini	0	0	1	0	0	2	0	0	1	1
deviceprofile	device_info_manager	foundation/deviceprofile/device_info_manager	deviceprofile_device_info_manager	foundation/deviceprofile/device_info_manager/bundle.json	yes	standard	28	0	0	2	4	92	10	76	5	1
distributeddatamgr	data_object	foundation/distributeddatamgr/data_object	distributeddatamgr_data_object	foundation/distributeddatamgr/data_object/bundle.json	yes	standard	23	2	2	2	4	74	16	34	15	9
distributeddatamgr	data_share	foundation/distributeddatamgr/data_share	distributeddatamgr_data_share	foundation/distributeddatamgr/data_share/bundle.json	yes	standard	21	0	0	11	5	227	74	119	15	19
distributeddatamgr	datamgr_service	foundation/distributeddatamgr/datamgr_service	distributeddatamgr_datamgr_service	foundation/distributeddatamgr/datamgr_service/bundle.json	yes	standard	40	3	7	1	3	340	39	263	32	6
distributeddatamgr	distributeddatamgr_cangjie_wrapper	foundation/distributeddatamgr/distributeddatamgr_cangjie_wrapper	distributeddatamgr_distributeddatamgr_cangjie_wrapper	foundation/distributeddatamgr/distributeddatamgr_cangjie_wrapper/bundle.json	no	standard	7	0	6	3	0	8	7	0	0	1
distributeddatamgr	kv_store	foundation/distributeddatamgr/kv_store	distributeddatamgr_kv_store	foundation/distributeddatamgr/kv_store/bundle.json	yes	standard	29	4	14	19	9	588	80	402	80	26
distributeddatamgr	pasteboard	foundation/distributeddatamgr/pasteboard	distributeddatamgr_pasteboard	foundation/distributeddatamgr/pasteboard/bundle.json	yes	standard	41	0	0	6	2	112	22	70	10	10
distributeddatamgr	preferences	foundation/distributeddatamgr/preferences	distributeddatamgr_preferences	foundation/distributeddatamgr/preferences/bundle.json	yes	standard	16	0	8	4	7	95	18	45	23	9
distributeddatamgr	relational_store	foundation/distributeddatamgr/relational_store	distributeddatamgr_relational_store	foundation/distributeddatamgr/relational_store/bundle.json	yes	standard	27	1	22	13	27	323	74	175	54	20
distributeddatamgr	udmf	foundation/distributeddatamgr/udmf	distributeddatamgr_udmf	foundation/distributeddatamgr/udmf/bundle.json	yes	standard	28	0	5	20	2	124	26	77	13	8
distributedhardware	device_manager	foundation/distributedhardware/device_manager	distributedhardware_device_manager	foundation/distributedhardware/device_manager/bundle.json	yes	standard,mini	40	0	0	7	1	396	50	316	14	16
distributedhardware	distributed_audio	foundation/distributedhardware/distributed_audio	distributedhardware_distributed_audio	foundation/distributedhardware/distributed_audio/bundle.json	yes	standard	25	0	11	5	2	226	10	191	25	0
distributedhardware	distributed_camera	foundation/distributedhardware/distributed_camera	distributedhardware_distributed_camera	foundation/distributedhardware/distributed_camera/bundle.json	yes	standard	29	0	11	0	13	237	11	211	15	0
distributedhardware	distributed_hardware_fwk	foundation/distributedhardware/distributed_hardware_fwk	distributedhardware_distributed_hardware_fwk	foundation/distributedhardware/distributed_hardware_fwk/bundle.json	yes	standard	34	0	12	6	16	336	28	245	58	5
distributedhardware	distributed_input	foundation/distributedhardware/distributed_input	distributedhardware_distributed_input	foundation/distributedhardware/distributed_input/bundle.json	yes	standard	24	0	17	1	18	112	17	94	1	0
distributedhardware	distributed_screen	foundation/distributedhardware/distributed_screen	distributedhardware_distributed_screen	foundation/distributedhardware/distributed_screen/bundle.json	yes	standard	28	0	11	2	18	146	11	114	21	0
distributedhardware	mechbody_controller	foundation/distributedhardware/mechbody_controller	distributedhardware_mechbody_controller	foundation/distributedhardware/mechbody_controller/bundle.json	yes	standard	29	0	5	0	2	212	7	198	3	4
filemanagement	app_file_service	foundation/filemanagement/app_file_service	filemanagement_app_file_service	foundation/filemanagement/app_file_service/bundle.json	yes	small,standard	31	1	0	10	4	222	53	135	11	23
filemanagement	dfs_service	foundation/filemanagement/dfs_service	filemanagement_dfs_service	foundation/filemanagement/dfs_service/bundle.json	yes	small,standard	46	0	0	13	4	429	54	316	48	11
filemanagement	disk_manager	foundation/filemanagement/disk_manager	filemanagement_disk_manager	foundation/filemanagement/disk_manager/bundle.json	yes	standard	22	0	0	1	1	51	12	27	7	5
filemanagement	file_api	foundation/filemanagement/file_api	filemanagement_file_api	foundation/filemanagement/file_api/bundle.json	yes	mini,small,standard	27	0	0	14	2	105	47	25	14	19
filemanagement	filemanagement_cangjie_wrapper	foundation/filemanagement/filemanagement_cangjie_wrapper	filemanagement_filemanagement_cangjie_wrapper	foundation/filemanagement/filemanagement_cangjie_wrapper/bundle.json	no	standard	4	0	4	2	0	5	4	0	0	1
filemanagement	storage_service	foundation/filemanagement/storage_service	filemanagement_storage_service	foundation/filemanagement/storage_service/bundle.json	yes	small,standard	55	0	0	4	5	689	44	612	22	11
filemanagement	user_file_service	foundation/filemanagement/user_file_service	filemanagement_user_file_service	foundation/filemanagement/user_file_service/bundle.json	yes	standard	31	0	0	4	2	146	32	95	7	12
graphic	graphic_2d	foundation/graphic/graphic_2d	graphic_graphic_2d	foundation/graphic/graphic_2d/bundle.json	yes	standard	61	1	0	33	13	2085	145	1670	221	49
graphic	graphic_3d	foundation/graphic/graphic_3d	graphic_graphic_3d	foundation/graphic/graphic_3d/bundle.json	yes	standard	31	0	22	9	17	230	78	77	61	14
graphic	graphic_cangjie_wrapper	foundation/graphic/graphic_cangjie_wrapper	graphic_graphic_cangjie_wrapper	foundation/graphic/graphic_cangjie_wrapper/bundle.json	no	standard	3	0	3	3	0	4	3	0	0	1
graphic	graphic_surface	foundation/graphic/graphic_surface	graphic_graphic_surface	foundation/graphic/graphic_surface/bundle.json	yes	standard	15	0	7	7	6	114	11	83	20	0
graphic	graphic_utils_lite	foundation/graphic/graphic_utils_lite	graphic_graphic_utils_lite	foundation/graphic/graphic_utils_lite/bundle.json	yes	mini,small	3	0	2	1	0	14	7	3	4	0
graphic	graphics_effect	foundation/graphic/graphics_effect	graphic_graphics_effect	foundation/graphic/graphics_effect/bundle.json	yes	standard	9	0	1	1	1	23	4	16	2	1
graphic	surface_lite	foundation/graphic/surface_lite	graphic_surface_lite	foundation/graphic/surface_lite/bundle.json	no	small	3	1	2	0	0	6	3	2	1	0
multimedia	audio_framework	foundation/multimedia/audio_framework	multimedia_audio_framework	foundation/multimedia/audio_framework/bundle.json	yes	standard	60	0	0	23	11	972	79	798	84	11
multimedia	audio_lite	foundation/multimedia/audio_lite	multimedia_audio_lite	foundation/multimedia/audio_lite/bundle.json	no	mini,small	0	1	1	0	0	7	3	2	2	0
multimedia	av_codec	foundation/multimedia/av_codec	multimedia_av_codec	foundation/multimedia/av_codec/bundle.json	yes	standard	47	0	0	21	5	1199	69	1003	119	8
multimedia	av_session	foundation/multimedia/av_session	multimedia_av_session	foundation/multimedia/av_session/bundle.json	yes	standard	39	0	0	5	13	221	37	145	8	31
multimedia	camera_framework	foundation/multimedia/camera_framework	multimedia_camera_framework	foundation/multimedia/camera_framework/bundle.json	yes	standard	51	0	0	10	2	310	44	234	24	8
multimedia	camera_lite	foundation/multimedia/camera_lite	multimedia_camera_lite	foundation/multimedia/camera_lite/bundle.json	no	mini,small	3	1	1	0	0	6	2	2	2	0
multimedia	drm_framework	foundation/multimedia/drm_framework	multimedia_drm_framework	foundation/multimedia/drm_framework/bundle.json	yes	standard	26	0	0	5	3	40	15	8	12	5
multimedia	image_effect	foundation/multimedia/image_effect	multimedia_image_effect	foundation/multimedia/image_effect/bundle.json	yes	standard	16	2	1	2	1	9	4	2	2	1
multimedia	image_framework	foundation/multimedia/image_framework	multimedia_image_framework	foundation/multimedia/image_framework/bundle.json	yes	standard	44	0	4	22	2	298	71	175	39	13
multimedia	media_foundation	foundation/multimedia/media_foundation	multimedia_media_foundation	foundation/multimedia/media_foundation/bundle.json	yes	mini,small,standard	30	1	3	9	3	217	103	46	28	40
multimedia	media_library	foundation/multimedia/media_library	multimedia_media_library	foundation/multimedia/media_library/bundle.json	yes	small,standard	72	0	0	13	2	446	61	343	18	24
multimedia	media_lite	foundation/multimedia/media_lite	multimedia_media_lite	foundation/multimedia/media_lite/bundle.json	no	mini,small	5	1	7	0	0	22	13	4	5	0
multimedia	media_utils_lite	foundation/multimedia/media_utils_lite	multimedia_media_utils_lite	foundation/multimedia/media_utils_lite/bundle.json	no	mini,small	0	0	0	1	0	2	1	0	1	0
multimedia	midi_framework	foundation/multimedia/midi_framework	multimedia_midi_framework	foundation/multimedia/midi_framework/bundle.json	yes	standard,small,mini	15	0	0	0	3	31	9	20	1	1
multimedia	multimedia_cangjie_wrapper	foundation/multimedia/multimedia_cangjie_wrapper	multimedia_multimedia_cangjie_wrapper	foundation/multimedia/multimedia_cangjie_wrapper/bundle.json	no	standard	11	0	9	3	0	10	9	0	0	1
multimedia	player_framework	foundation/multimedia/player_framework	multimedia_player_framework	foundation/multimedia/player_framework/bundle.json	yes	standard	68	1	0	14	2	387	75	237	57	18
multimedia	ringtone_library	foundation/multimedia/ringtone_library	multimedia_ringtone_library	foundation/multimedia/ringtone_library/bundle.json	yes	small,standard	28	0	0	2	1	41	12	24	3	2
multimedia	video_processing_engine	foundation/multimedia/video_processing_engine	multimedia_video_processing_engine	foundation/multimedia/video_processing_engine/bundle.json	yes	standard	24	0	4	7	4	67	21	30	7	9
multimodalinput	input	foundation/multimodalinput/input	multimodalinput_input	foundation/multimodalinput/input/bundle.json	yes	standard	52	4	0	20	1	1372	149	1062	106	55
officeservice	object_editor	foundation/officeservice/object_editor	officeservice_object_editor	foundation/officeservice/object_editor/bundle.json	yes	standard	25	0	0	0	1	105	10	74	20	1
resourceschedule	background_task_mgr	foundation/resourceschedule/background_task_mgr	resourceschedule_background_task_mgr	foundation/resourceschedule/background_task_mgr/bundle.json	yes	standard	32	0	0	2	1	99	22	64	4	9
resourceschedule	device_standby	foundation/resourceschedule/device_standby	resourceschedule_device_standby	foundation/resourceschedule/device_standby/bundle.json	yes	standard	29	0	0	5	6	53	18	22	7	6
resourceschedule	device_usage_statistics	foundation/resourceschedule/device_usage_statistics	resourceschedule_device_usage_statistics	foundation/resourceschedule/device_usage_statistics/bundle.json	yes	standard	24	0	0	2	2	64	17	31	11	5
resourceschedule	ffrt	foundation/resourceschedule/ffrt	resourceschedule_ffrt	foundation/resourceschedule/ffrt/bundle.json	yes	standard	6	0	2	1	1	38	3	31	3	1
resourceschedule	frame_aware_sched	foundation/resourceschedule/frame_aware_sched	linux_frame_aware_sched	foundation/resourceschedule/frame_aware_sched/bundle.json	yes	standard	9	0	5	4	1	17	5	5	5	2
resourceschedule	memmgr	foundation/resourceschedule/memmgr	resourceschedule_memmgr	foundation/resourceschedule/memmgr/bundle.json	yes	standard	17	0	6	1	3	32	7	23	2	0
resourceschedule	qos_manager	foundation/resourceschedule/qos_manager	resourceschedule_qos_manager	foundation/resourceschedule/qos_manager/bundle.json	yes	standard	13	0	9	3	2	41	13	22	5	1
resourceschedule	resource_schedule_service	foundation/resourceschedule/resource_schedule_service	resourceschedule_resource_schedule_service	foundation/resourceschedule/resource_schedule_service/bundle.json	yes	standard	41	0	0	10	15	130	42	55	24	9
resourceschedule	soc_perf	foundation/resourceschedule/soc_perf	resourceschedule_soc_perf	foundation/resourceschedule/soc_perf/bundle.json	yes	standard	17	0	0	1	3	53	8	37	4	4
resourceschedule	work_scheduler	foundation/resourceschedule/work_scheduler	resourceschedule_work_scheduler	foundation/resourceschedule/work_scheduler/bundle.json	yes	standard	33	0	0	2	1	112	28	43	26	15
systemabilitymgr	safwk	foundation/systemabilitymgr/safwk	systemabilitymgr_safwk	foundation/systemabilitymgr/safwk/bundle.json	yes	standard	12	0	0	4	2	61	13	26	20	2
systemabilitymgr	safwk_lite	foundation/systemabilitymgr/safwk_lite	systemabilitymgr_safwk_lite	foundation/systemabilitymgr/safwk_lite/bundle.json	no	small	6	2	1	0	0	2	2	0	0	0
systemabilitymgr	samgr	foundation/systemabilitymgr/samgr	systemabilitymgr_samgr	foundation/systemabilitymgr/samgr/bundle.json	yes	standard	24	0	0	4	3	68	11	37	18	2
systemabilitymgr	samgr_lite	foundation/systemabilitymgr/samgr_lite	systemabilitymgr_samgr_lite	foundation/systemabilitymgr/samgr_lite/bundle.json	no	mini,small	7	2	1	1	0	29	18	0	9	2
systemabilitymgr	selectionfwk	foundation/systemabilitymgr/selectionfwk	systemabilitymgr_selectionfwk	foundation/systemabilitymgr/selectionfwk/bundle.json	yes	mini,small,standard	32	0	16	1	2	61	31	9	8	13
window	window_cangjie_wrapper	foundation/window/window_cangjie_wrapper	window_window_cangjie_wrapper	foundation/window/window_cangjie_wrapper/bundle.json	no	standard	7	0	2	3	0	3	2	0	0	1
window	window_manager	foundation/window/window_manager	window_window_manager	foundation/window/window_manager/bundle.json	yes	standard	54	0	0	39	10	988	137	687	107	57
window	window_manager_lite	foundation/window/window_manager_lite	window_window_manager_lite	foundation/window/window_manager_lite/bundle.json	no	small	7	1	2	0	0	9	4	4	1	0
