host_subsystem	process	init_service_count	system_ability_count	participating_component_count	executable_targets	start_modes	uids	gids	selinux_domains	sa_ids	libraries	evidence_files
ability	aimgr	1	1	2	//foundation/systemabilitymgr/safwk/services/safwk:sa_main	ondemand	aimgr	system	u:r:aimgr:s0	186	libclimgr.z.so	foundation/ability/ability_runtime/cli_tool_framework/etc/profile/aimgr.cfg,foundation/ability/ability_runtime/services/sa_profile/186.json
ability	distributedsched	1	1	2	//foundation/systemabilitymgr/safwk/services/safwk:sa_main	ondemand	dms	dms,shell,access_token	u:r:distributedsche:s0	1401	libdistributedschedsvr.z.so	foundation/ability/dmsfwk/etc/init/distributedsched.cfg,foundation/ability/dmsfwk/sa_profile/1401.json
ability	quick_fix	1	1	2	//foundation/systemabilitymgr/safwk/services/safwk:sa_main	ondemand	quickfixserver	system	u:r:quick_fix:s0	184	libquickfixms.z.so	foundation/ability/ability_runtime/services/quickfixmgr/quick_fix.cfg,foundation/ability/ability_runtime/services/sa_profile/184.json
ability	service_router	1	1	2	//foundation/systemabilitymgr/safwk/services/safwk:sa_main	condition	servicerouter	servicerouter	u:r:service_router:s0	404	libsrms.z.so	foundation/ability/ability_runtime/service_router_framework/services/srms/sa_profile/srms.cfg,foundation/ability/ability_runtime/service_router_framework/services/srms/sa_profile/404.json
ai	intell_voice_service	1	1	2	//foundation/systemabilitymgr/safwk/services/safwk:sa_main	ondemand	intell_voice	system,intell_voice	u:r:intell_voice_service:s0	312	libintell_voice_server.z.so	foundation/ai/intelligent_voice_framework/services/etc/intell_voice_service.cfg,foundation/ai/intelligent_voice_framework/sa_profile/intell_voice_service.json
arkui	ui_sa	1	1	2	//foundation/systemabilitymgr/safwk/services/safwk:sa_main		ui_sa	ui_sa,shell		16666	libui_sa.z.so	foundation/arkui/ace_engine/interfaces/inner_api/ui_session/ui_session_sample/ui_sa.cfg,foundation/arkui/ace_engine/interfaces/inner_api/ui_session/ui_session_sample/16666.json
arkui	ui_service	1	2	3	//foundation/systemabilitymgr/safwk/services/safwk:sa_main		uiserver	system,shell	u:r:ui_service:s0	7001,7002	libuiservice.z.so,libui_appearance_service.z.so	foundation/arkui/ace_engine/adapter/ohos/services/uiservice/ui_service.cfg,foundation/arkui/ace_engine/adapter/ohos/sa_profile/7001.json,foundation/arkui/ui_appearance/sa_profile/7002.json
barrierfree	accessibility	1	2	2	//foundation/systemabilitymgr/safwk/services/safwk:sa_main		accessibility	accessibility,shell	u:r:accessibility:s0	801	libaccessibleabilityms.z.so	foundation/barrierfree/accessibility/sa_profile/accessibility.cfg,foundation/barrierfree/accessibility/sa_profile/801_dynamic.json,foundation/barrierfree/accessibility/sa_profile/801.json
bundlemanager	app_domain_verify_agent	1	1	2	//foundation/systemabilitymgr/safwk/services/safwk:sa_main	ondemand	app_domain_verify	app_domain_verify,system,shell,netsys_socket	u:r:app_domain_verify_agent:s0	6201	libapp_domain_verify_agent_service.z.so	foundation/bundlemanager/app_domain_verify/etc/init/app_domain_verify_agent.cfg,foundation/bundlemanager/app_domain_verify/profile/6201.json
bundlemanager	d-bms	1	1	2	//foundation/systemabilitymgr/safwk/services/safwk:sa_main	condition	dbms	dbms,shell	u:r:d-bms:s0	402	libdbms.z.so	foundation/bundlemanager/distributed_bundle_framework/services/dbms/sa_profile/distributedbms.cfg,foundation/bundlemanager/distributed_bundle_framework/services/dbms/sa_profile/402.json
bundlemanager	installs	2	1	2	//foundation/systemabilitymgr/safwk/services/safwk:sa_main	ondemand	installs	installs,update	u:r:installs:s0	511	libinstalls.z.so	foundation/bundlemanager/bundle_framework/services/bundlemgr/installs.cfg,foundation/bundlemanager/bundle_framework/services/bundlemgr/installs_npapi.cfg,foundation/bundlemanager/bundle_framework/sa_profile/511.json
castplus	cast_engine_service	1	1	2	//foundation/systemabilitymgr/safwk/services/safwk:sa_main	ondemand	cast_engine_service	cast_engine_service,shell,access_token	u:r:cast_engine_service:s0	5526	libcast_engine_service.z.so	foundation/CastEngine/castengine_cast_framework/etc/init/cast_engine_service.cfg,foundation/CastEngine/castengine_cast_framework/sa_profile/5526.json
castplus	sharing_service	1	2	2	//foundation/systemabilitymgr/safwk/services/safwk:sa_main	boot	audio	system,audio,root,vendor_mpp_driver	u:r:sharing_service:s0	5527,5528	libsharing_service.z.so	foundation/CastEngine/castengine_wifi_display/services/etc/sharing_service.cfg,foundation/CastEngine/castengine_wifi_display/sa_profile/5527.json,foundation/CastEngine/castengine_wifi_display/sa_profile/5528.json
communication	bluetooth_service	1	1	2	//foundation/systemabilitymgr/safwk/services/safwk:sa_main		bluetooth	bluetooth,shell	u:r:bluetooth_service:s0	1130	libbluetooth_server.z.so	foundation/communication/bluetooth_service/services/bluetooth/etc/init/bluetooth_service.cfg,foundation/communication/bluetooth_service/sa_profile/1130.json
communication	fusion_ranging	1	1	2	//foundation/systemabilitymgr/safwk/services/safwk:sa_main	ondemand	fusion_ranging	fusion_ranging,shell	u:r:fusion_ranging:s0	8631	/system/lib64/libfusion_ranging_server.z.so	foundation/communication/fusion_connectivity/fusion_ranging/services/etc/init/fusion_ranging.cfg,foundation/communication/fusion_connectivity/fusion_ranging/sa_profile/8631.json
communication	mdnsmanager	1	1	2	//foundation/systemabilitymgr/safwk/services/safwk:sa_main	ondemand	net_manager	net_manager,system,shell	u:r:mdnsmanager:s0	1161	libmdns_manager.z.so	foundation/communication/netmanager_ext/services/etc/init/mdnsmanager.cfg,foundation/communication/netmanager_ext/sa_profile/1161.json
communication	netmanager	1	10	3	//foundation/systemabilitymgr/safwk/services/safwk:sa_main		net_manager	net_manager,system,shell,dhcp,netsys_socket	u:r:netmanager:s0	8301,8300,8400,1154,1153,1157,1152,1156,1155,1151	libnetworkslice_manager.z.so,libnetfirewall_manager.z.so,libwearable_distributed_net_manager.z.so,libnet_tether_manager.z.so,libnet_stats_manager.z.so,libethernet_manager.z.so,libnet_policy_manager.z.so,libdns_resolver_manager.z.so,libnet_vpn_manager.z.so,libnet_conn_manager.z.so	foundation/communication/netmanager_base/services/etc/init/netmanager_base.cfg,foundation/communication/netmanager_ext/sa_profile/8301.json,foundation/communication/netmanager_ext/sa_profile/8300.json,foundation/communication/netmanager_ext/sa_profile/8400.json,foundation/communication/netmanager_base/sa_profile/1154.json,foundation/communication/netmanager_base/sa_profile/1153.json,foundation/communication/netmanager_base/sa_profile/1157.json,foundation/communication/netmanager_base/sa_profile/1152.json,foundation/communication/netmanager_base/sa_profile/1156.json,foundation/communication/netmanager_base/sa_profile/1155.json,foundation/communication/netmanager_base/sa_profile/1151.json
communication	netsysnative	1	1	2	//foundation/systemabilitymgr/safwk/services/safwk:sa_main		netsysnative	netsysnative,net_manager,system,shell,root,bluetooth,netsys_socket,dev_tun_access	u:r:netsysnative:s0	1158	libnetsys_native_manager.z.so	foundation/communication/netmanager_base/services/etc/init/netsysnative.cfg,foundation/communication/netmanager_base/sa_profile/1158.json
communication	nfc_service	1	1	2	//foundation/systemabilitymgr/safwk/services/safwk:sa_main	ondemand	nfc	nfc,shell	u:r:nfc_service:s0	1140	libnfc_service.z.so	foundation/communication/nfc/services/etc/init/nfc_service.cfg,foundation/communication/nfc/sa_profile/1140.json
communication	nfc_tag_service	1	1	2	//foundation/systemabilitymgr/safwk/services/safwk:sa_main		nfc_tag	nfc_tag,shell	u:r:nfc_tag_service:s0	1148	libnfc_tag_service.z.so	foundation/communication/connected_nfc_tag/services/etc/init/nfc_tag_service.cfg,foundation/communication/connected_nfc_tag/sa_profile/1148.json
communication	partner_device_agent	1	1	2	//foundation/systemabilitymgr/safwk/services/safwk:sa_main	ondemand	partner_device_agent	partner_device_agent,shell	u:r:partner_device_agent:s0	8630	/system/lib64/libpartner_device_agent_server.z.so	foundation/communication/fusion_connectivity/partner_agent/services/etc/init/fusion_connectivity.cfg,foundation/communication/fusion_connectivity/partner_agent/sa_profile/8630.json
communication	softbus_server	2	1	2	//foundation/communication/dsoftbus/core/frame:softbus_server,//foundation/systemabilitymgr/safwk/services/safwk:sa_main		dsoftbus	dsoftbus,system,shell,netsys_socket	u:r:softbus_server:s0	4700	libsoftbus_server.z.so	foundation/communication/dsoftbus/core/frame/standard/init/src/softbus_server_musl.cfg,foundation/communication/dsoftbus/core/frame/standard/init/src/softbus_server.cfg,foundation/communication/dsoftbus/core/frame/standard/sa_profile/4700.json
communication	wifi_hal_service	1	0	1		condition	wifi	wifi,shell,dhcp,oeminfo_nvme_server,update,netsys_socket,virt_device	u:r:wifi_hal_service:s0			foundation/communication/wifi/wifi/relation_services/etc/init/wifi_hal_service.cfg
communication	wifi_manager_service	1	6	3	//foundation/communication/wifi/wifi/services/wifi_standard/wifi_framework/wifi_manage:wifi_manager_service,//foundation/systemabilitymgr/safwk/services/safwk:sa_main	ondemand	wifi	wifi,shell,dhcp,netsys_socket	u:r:wifi_manager_service:s0	1127,1126,1120,1121,1123,1124	libdhcp_server.z.so,libdhcp_client.z.so,libwifi_device_ability.z.so,libwifi_hotspot_ability.z.so,libwifi_p2p_ability.z.so,libwifi_scan_ability.z.so	foundation/communication/wifi/wifi/services/wifi_standard/etc/init/wifi_standard.cfg,foundation/communication/dhcp/services/sa_profile/1127.json,foundation/communication/dhcp/services/sa_profile/1126.json,foundation/communication/wifi/wifi/services/wifi_standard/sa_profile/1120.json,foundation/communication/wifi/wifi/services/wifi_standard/sa_profile/1121.json,foundation/communication/wifi/wifi/services/wifi_standard/sa_profile/1123.json,foundation/communication/wifi/wifi/services/wifi_standard/sa_profile/1124.json
deviceprofile	deviceprofile	1	1	2	//foundation/systemabilitymgr/safwk/services/safwk:sa_main	ondemand	dms	dms,shell	u:r:distributedsche:s0	6001	libdistributed_device_profile_svr.z.so	foundation/deviceprofile/device_info_manager/etc/init/deviceprofile.cfg,foundation/deviceprofile/device_info_manager/sa_profile/6001.json
distributeddatamgr	distributeddata	1	1	2	//foundation/systemabilitymgr/safwk/services/safwk:sa_main		ddms	system,shell,readproc,ddms,dfs_share,data_reserve	u:r:distributeddata:s0	1301	libdistributeddataservice.z.so	foundation/distributeddatamgr/datamgr_service/services/distributeddataservice/app/distributed_data.cfg,foundation/distributeddatamgr/datamgr_service/services/distributeddataservice/sa_profile/1301.json
distributeddatamgr	pasteboard_service	1	1	2	//foundation/systemabilitymgr/safwk/services/safwk:sa_main	ondemand	pasteboard	pasteboard,shell,dfs_share,user_data_rw	u:r:pasteboard_service:s0	3701	libpasteboard_service.z.so	foundation/distributeddatamgr/pasteboard/etc/init/pasteboardservice.cfg,foundation/distributeddatamgr/pasteboard/profile/3701.json
distributedhardware	daudio	1	4	2	//foundation/systemabilitymgr/safwk/services/safwk:sa_main	ondemand	daudio	daudio,system	u:r:daudio:s0	4806,4805	libdistributed_audio_sink.z.so,libdistributed_audio_source.z.so	foundation/distributedhardware/distributed_audio/sa_profile/daudio.cfg,foundation/distributedhardware/distributed_audio/sa_profile/4806.json,foundation/distributedhardware/distributed_audio/sa_profile/common/4806.json,foundation/distributedhardware/distributed_audio/sa_profile/common/4805.json,foundation/distributedhardware/distributed_audio/sa_profile/4805.json
distributedhardware	dcamera	1	4	2	//foundation/systemabilitymgr/safwk/services/safwk:sa_main	ondemand	dcamera	dcamera	u:r:dcamera:s0	4804,4803	libdistributed_camera_sink.z.so,libdistributed_camera_source.z.so	foundation/distributedhardware/distributed_camera/sa_profile/dcamera.cfg,foundation/distributedhardware/distributed_camera/sa_profile/4804.json,foundation/distributedhardware/distributed_camera/sa_profile/4803.json,foundation/distributedhardware/distributed_camera/sa_profile/common/4804.json,foundation/distributedhardware/distributed_camera/sa_profile/common/4803.json
distributedhardware	device_manager	1	1	2	//foundation/systemabilitymgr/safwk/services/safwk:sa_main		device_manager	device_manager,access_token	u:r:device_manager:s0	4802	libdevicemanagerservice.z.so	foundation/distributedhardware/device_manager/sa_profile/device_manager.cfg,foundation/distributedhardware/device_manager/sa_profile/4802.json
distributedhardware	dhardware	2	1	2	//foundation/systemabilitymgr/safwk/services/safwk:sa_main	ondemand	dhardware	dhardware,dhardware,input,access_token	u:r:dhardware:s0	4801	libdistributedhardwarefwksvr.z.so	foundation/distributedhardware/distributed_hardware_fwk/sa_profile/close_source/dhardware.cfg,foundation/distributedhardware/distributed_hardware_fwk/sa_profile/dhardware.cfg,foundation/distributedhardware/distributed_hardware_fwk/sa_profile/4801.json
distributedhardware	dinput	1	2	2	//foundation/systemabilitymgr/safwk/services/safwk:sa_main	ondemand	dinput	dinput,uhid,input	u:r:dinput:s0	4810,4809	libdinput_sink.z.so,libdinput_source.z.so	foundation/distributedhardware/distributed_input/sa_profile/dinput.cfg,foundation/distributedhardware/distributed_input/sa_profile/4810.json,foundation/distributedhardware/distributed_input/sa_profile/4809.json
distributedhardware	dscreen	1	2	2	//foundation/systemabilitymgr/safwk/services/safwk:sa_main	ondemand	dscreen	dscreen	u:r:dscreen:s0	4807,4808	libdistributed_screen_source.z.so,libdistributed_screen_sink.z.so	foundation/distributedhardware/distributed_screen/sa_profile/dscreen.cfg,foundation/distributedhardware/distributed_screen/sa_profile/4807.json,foundation/distributedhardware/distributed_screen/sa_profile/4808.json
distributedhardware	mechbody	1	1	2	//foundation/systemabilitymgr/safwk/services/safwk:sa_main	ondemand	mechbody	mechbody,shell	u:r:mechbody:s0	8550	libmechbody_service.z.so	foundation/distributedhardware/mechbody_controller/etc/init/mechbody.cfg,foundation/distributedhardware/mechbody_controller/sa_profile/8550.json
filemanagement	backup_sa	1	1	2	//foundation/systemabilitymgr/safwk/services/safwk:sa_main	ondemand	backup	backup,log,media_rw,file_manager	u:r:backup_sa:s0	5203	libbackup_sa.z.so	foundation/filemanagement/app_file_service/services/backup.cfg,foundation/filemanagement/app_file_service/services/5203.json
filemanagement	clouddiskservice	1	1	2	//foundation/systemabilitymgr/safwk/services/safwk:sa_main	ondemand	6161	cloud_disk_service,dfs,file_manager	u:r:clouddiskservice:s0	5207	libclouddiskservice_sa.z.so	foundation/filemanagement/dfs_service/services/clouddiskservice.cfg,foundation/filemanagement/dfs_service/services/5207.json
filemanagement	cloudfiledaemon	1	1	2	//foundation/systemabilitymgr/safwk/services/safwk:sa_main		1009	dfs,user_data_rw,dfs_share,media_rw,readproc	u:r:cloudfiledaemon:s0	5205	libcloudfiledaemon.z.so	foundation/filemanagement/dfs_service/services/cloudfiledaemon.cfg,foundation/filemanagement/dfs_service/services/5205.json
filemanagement	cloudfileservice	1	1	2	//foundation/systemabilitymgr/safwk/services/safwk:sa_main	ondemand	dfs	dfs,user_data_rw,dfs_share,media_rw,file_manager	u:r:cloudfiledaemon:s0	5204	libcloudsync_sa.z.so	foundation/filemanagement/dfs_service/services/distributedfile.cfg,foundation/filemanagement/dfs_service/services/5204.json
filemanagement	disk_manager	1	1	2	//foundation/systemabilitymgr/safwk/services/safwk:sa_main	ondemand	disk_manager	disk_manager	u:r:disk_manager:s0	8640	libdisk_manager_server.z.so	foundation/filemanagement/disk_manager/services/disk_manager/disk_manager.cfg,foundation/filemanagement/disk_manager/sa_profile/8640.json
filemanagement	distributedfiledaemon	1	1	2	//foundation/systemabilitymgr/safwk/services/safwk:sa_main	ondemand	1009	system,dfs,1006,1008,log	u:r:distributedfiledaemon:s0	5201	libdistributedfiledaemon.z.so	foundation/filemanagement/dfs_service/services/distributedfile.cfg,foundation/filemanagement/dfs_service/services/5201.json
filemanagement	file_access_service	1	1	2	//foundation/systemabilitymgr/safwk/services/safwk:sa_main	ondemand	ufs	ufs	u:r:file_access_service:s0	5010	libfile_access_service.z.so	foundation/filemanagement/user_file_service/services/file_access_service.cfg,foundation/filemanagement/user_file_service/services/5010.json
filemanagement	storage_daemon	1	0	1	//foundation/filemanagement/storage_service/services/storage_daemon:storage_daemon	boot	root	root	u:r:storage_daemon:s0			foundation/filemanagement/storage_service/services/storage_daemon/storage_daemon.cfg
filemanagement	storage_manager	1	1	2	//foundation/systemabilitymgr/safwk/services/safwk:sa_main	boot	storage_manager	storage_manager	u:r:storage_manager:s0	5003	libstorage_manager.z.so	foundation/filemanagement/storage_service/services/storage_manager/storage_manager.cfg,foundation/filemanagement/storage_service/services/storage_manager/sa_profile/5003.json
filemanagement	StorageSpaceMgr	1	1	2	//foundation/systemabilitymgr/safwk/services/safwk:sa_main	ondemand	storage_space_manager	storage_space_manager	u:r:storage_space_manager:s0	8650	libstorage_space_manager.z.so	foundation/filemanagement/storage_service/services/storage_space_manager/etc/storage_space_manager.cfg,foundation/filemanagement/storage_service/services/storage_space_manager/sa_profile/8650.json
graphic	bootanimation	1	0	1	//foundation/graphic/graphic_2d/frameworks/bootanimation:bootanimation		graphics	graphics,data_reserve	u:r:bootanimation:s0			foundation/graphic/graphic_2d/frameworks/bootanimation/bootanimation.cfg
graphic	render_service	1	0	1	//foundation/graphic/graphic_2d/rosen/modules/render_service:render_service		graphics	system,tp_host,data_reserve,dev_dma_heap,composer_host	u:r:render_service:s0			foundation/graphic/graphic_2d/graphic.cfg
multimedia	audio_server	1	2	2	//foundation/systemabilitymgr/safwk/services/safwk:sa_main	condition	audio	system,audio,input,ueventd,usb_host,data_reserve	u:r:audio_server:s0	3009,3001	libaudio_policy_service.z.so,libaudio_service.z.so	foundation/multimedia/audio_framework/services/audio_service/etc/audio_server.cfg,foundation/multimedia/audio_framework/sa_profile/audio_policy.json,foundation/multimedia/audio_framework/sa_profile/pulseaudio.json
multimedia	audio_suite_server	1	1	2	//foundation/systemabilitymgr/safwk/services/safwk:sa_main	ondemand	audio_suite_server	audio_suite_server,shell,system	u:r:audio_suite_server:s0	3015	libaudio_suite_sa_service.z.so	foundation/multimedia/audio_framework/services/audio_suite/etc/audio_suite_server.cfg,foundation/multimedia/audio_framework/sa_profile/audio_suite_server.json
multimedia	av_codec_service	2	2	2	//foundation/systemabilitymgr/safwk/services/safwk:sa_main	ondemand	media	media_rw,system,vcodec,dev_dma_heap,netsys_socket,vendor_mpp_driver	u:r:av_codec_service:s0	3011	libav_codec_service.z.so	foundation/multimedia/av_codec/services/etc/on_demand/process.cfg,foundation/multimedia/av_codec/services/etc/process.cfg,foundation/multimedia/av_codec/services/etc/on_demand/sa_profile.json,foundation/multimedia/av_codec/services/etc/sa_profile.json
multimedia	av_session	2	2	2	//foundation/systemabilitymgr/safwk/services/safwk:sa_main	ondemand	av_session	av_session,access_token	u:r:av_session:s0	3010	libavsession_service.z.so	foundation/multimedia/av_session/services/etc/on_demand/avsession_service.cfg,foundation/multimedia/av_session/services/etc/avsession_service.cfg,foundation/multimedia/av_session/sa_profile/av_session.json,foundation/multimedia/av_session/services/etc/on_demand/av_session.json
multimedia	camera_service	1	1	2	//foundation/systemabilitymgr/safwk/services/safwk:sa_main		cameraserver	user_data_rw,system,shell,access_token	u:r:camera_service:s0	3008	libcamera_service.z.so	foundation/multimedia/camera_framework/services/etc/camera_service.cfg,foundation/multimedia/camera_framework/sa_profile/3008.json
multimedia	drm_service	2	2	2	//foundation/systemabilitymgr/safwk/services/safwk:sa_main	ondemand	drmserver	system,shell,netsys_socket	u:r:drm_service:s0	3012	libdrm_service.z.so	foundation/multimedia/drm_framework/services/etc/resident/drm_service.cfg,foundation/multimedia/drm_framework/services/etc/lazy_loading/drm_service.cfg,foundation/multimedia/drm_framework/sa_profile/resident/3012.json,foundation/multimedia/drm_framework/sa_profile/lazy_loading/3012.json
multimedia	media_monitor	1	1	2	//foundation/systemabilitymgr/safwk/services/safwk:sa_main		media_monitor	media_monitor	u:r:media_monitor:s0	3013	libmedia_monitor.z.so	foundation/multimedia/media_foundation/services/media_monitor/etc/media_monitor.cfg,foundation/multimedia/media_foundation/services/media_monitor/sa_profile/media_monitor.json
multimedia	media_service	2	2	2	//foundation/systemabilitymgr/safwk/services/safwk:sa_main	ondemand	media	media_rw,system,netsys_socket,media_rw,system,netsys_socket,graphics	u:r:media_service:s0	3002	libmedia_service.z.so	foundation/multimedia/player_framework/services/etc/on_demand/media_service.cfg,foundation/multimedia/player_framework/services/etc/media_service.cfg,foundation/multimedia/player_framework/services/etc/on_demand/3002.json,foundation/multimedia/player_framework/services/etc/3002.json
multimedia	midi_server	1	1	2	//foundation/systemabilitymgr/safwk/services/safwk:sa_main	ondemand	midi_server	system,midi_server,audio	u:r:midi_server:s0	3014	libmidi_service.z.so	foundation/multimedia/midi_framework/services/etc/midi_server.cfg,foundation/multimedia/midi_framework/sa_profile/midi_server.json
multimedia	video_processing_service	1	1	2	//foundation/systemabilitymgr/safwk/services/safwk:sa_main	ondemand	media	system	u:r:video_processing_service:s0	66134	libvideoprocessingservice.z.so	foundation/multimedia/video_processing_engine/services/sa_profile/video_processing_service.cfg,foundation/multimedia/video_processing_engine/services/sa_profile/66134.json
multimodalinput	mmi_uinput_service	2	0	1	//foundation/multimodalinput/input:uinput_inject	condition	input	input,uhid,input_user_host	u:r:mmi_uinput_service:s0			foundation/multimodalinput/input/multimodalinput.cfg,foundation/multimodalinput/input/watch/multimodalinput.cfg
multimodalinput	multimodalinput	2	1	2	//foundation/systemabilitymgr/safwk/services/safwk:sa_main	condition	input	input,tp_host,lcd_host,sensor_host,consumerir_host	u:r:multimodalinput:s0	3101	libmmi-server.z.so	foundation/multimodalinput/input/multimodalinput.cfg,foundation/multimodalinput/input/watch/multimodalinput.cfg,foundation/multimodalinput/input/sa_profile/3101.json
officeservice	object_editor_service	1	1	2	//foundation/systemabilitymgr/safwk/services/safwk:sa_main	ondemand	object_editor_service	object_editor_service	u:r:ohos_object_editor_service:s0	66528	libcontent_embed_service.z.so	foundation/officeservice/object_editor/etc/object_editor_service.cfg,foundation/officeservice/object_editor/sa_profile/66528.json
resourceschedule	concurrent_task_service	1	1	2	//foundation/systemabilitymgr/safwk/services/safwk:sa_main		system	system,shell	u:r:concurrent_task_service:s0	1912	libconcurrentsvc.z.so	foundation/resourceschedule/qos_manager/etc/init/concurrent_task_service.cfg,foundation/resourceschedule/qos_manager/sa_profile/1912.json
resourceschedule	device_usage_stats_service	1	0	1								foundation/resourceschedule/device_usage_statistics/init/device_usage_statistics_service.cfg
resourceschedule	memmgrservice	1	1	2	//foundation/systemabilitymgr/safwk/services/safwk:sa_main		memmgr	memmgr,shell	u:r:memmgrservice:s0	1909	libmemmgrservice.z.so	foundation/resourceschedule/memmgr/services/memmgrservice/memmgrservice.cfg,foundation/resourceschedule/memmgr/sa_profile/1909.json
resourceschedule	pin_auth_host	2	0	1								foundation/resourceschedule/resource_schedule_service/ressched/etc/init/resource_schedule_service_has_nice.cfg,foundation/resourceschedule/resource_schedule_service/ressched/etc/init/resource_schedule_service.cfg
resourceschedule	resource_schedule_executor	1	1	2	//foundation/systemabilitymgr/safwk/services/safwk:sa_main		root	root,system,battery_extra_host	u:r:resource_schedule_executor:s0	1918	libresschedexesvc.z.so	foundation/resourceschedule/resource_schedule_service/ressched_executor/etc/init/resource_schedule_executor.cfg,foundation/resourceschedule/resource_schedule_service/ressched_executor/sa_profile/1918.json
resourceschedule	resource_schedule_service	2	6	7	//foundation/systemabilitymgr/safwk/services/safwk:sa_main		ressched	ressched,system,battery_extra_host	u:r:resource_schedule_service:s0	1906,1907,1901,1904,1914,1903	libsocperf_server.z.so,libusagestatservice.z.so,libresschedsvc.z.so,libworkschedservice.z.so,libstandby_service.z.so,libbgtaskmgr_service.z.so	foundation/resourceschedule/resource_schedule_service/ressched/etc/init/resource_schedule_service_has_nice.cfg,foundation/resourceschedule/resource_schedule_service/ressched/etc/init/resource_schedule_service.cfg,foundation/resourceschedule/soc_perf/sa_profile/1906.json,foundation/resourceschedule/device_usage_statistics/sa_profile/1907.json,foundation/resourceschedule/resource_schedule_service/ressched/sa_profile/1901.json,foundation/resourceschedule/work_scheduler/sa_profile/1904.json,foundation/resourceschedule/device_standby/sa_profile/1914.json,foundation/resourceschedule/background_task_mgr/sa_profile/1903.json
systemabilitymgr	foundation	1	14	9	//foundation/systemabilitymgr/safwk/services/safwk:sa_main,//foundation/systemabilitymgr/safwk_lite:foundation		foundation	system,appspawn,update,data_reserve,app_install,gameservice_server	u:r:foundation:s0	182,180,183,501,185,403,1404,6105,6200,401,4607,4606	libdataobsms.z.so,libabilityms.z.so,libupms.z.so,libappms.z.so,libagentmgr.z.so,libfms.z.so,libdistributed_ability_manager_svr.z.so,libecologicalrulemgr_service.z.so,libapp_domain_verify_mgr_service.z.so,libbms.z.so,libscreen_session_manager.z.so,libwms.z.so	foundation/systemabilitymgr/safwk/etc/profile/foundation.cfg,foundation/ability/ability_runtime/services/sa_profile/182.json,foundation/ability/ability_runtime/services/sa_profile/180.json,foundation/ability/ability_runtime/services/sa_profile/183.json,foundation/ability/ability_runtime/services/sa_profile/501.json,foundation/ability/ability_runtime/services/sa_profile/185.json,foundation/ability/form_fwk/sa_profile/403.json,foundation/ability/form_fwk/sa_profile/403_dynamic.json,foundation/ability/dmsfwk/sa_profile/1404.json,foundation/bundlemanager/ecological_rule_manager/profile/6105.json,foundation/bundlemanager/app_domain_verify/profile/6200.json,foundation/bundlemanager/bundle_framework/sa_profile/401.json,foundation/window/window_manager/sa_profile/scene_board/4607.json,foundation/window/window_manager/sa_profile/4607.json,foundation/window/window_manager/sa_profile/4606.json
systemabilitymgr	samgr	1	0	1	//foundation/systemabilitymgr/samgr/services/samgr/native:samgr	boot	samgr	samgr,system,readproc,data_reserve	u:r:samgr:s0			foundation/systemabilitymgr/samgr/etc/samgr_standard.cfg
systemabilitymgr	selection_service	1	1	2	//foundation/systemabilitymgr/safwk/services/safwk:sa_main	ondemand	sysselection	sysselection,shell,uhid	u:r:selection_service:s0	8500	libselection_service.z.so	foundation/systemabilitymgr/selectionfwk/etc/init/selection_service.cfg,foundation/systemabilitymgr/selectionfwk/sa_profile/8500.json
