host_subsystem	process	entity_type	owner_subsystem	owner_component	executable	sa_id	library	start_mode	ondemand	run_on_create	uid	gid	selinux_domain	evidence_file	mapping_method
ability	aimgr	init-service	ability	ability_runtime	/system/bin/sa_main /system/profile/aimgr.json			ondemand	true		aimgr	system	u:r:aimgr:s0	foundation/ability/ability_runtime/cli_tool_framework/etc/profile/aimgr.cfg	component-prefix
ability	aimgr	system-ability	ability	ability_runtime		186	libclimgr.z.so			false				foundation/ability/ability_runtime/services/sa_profile/186.json	component-prefix
ability	distributedsched	init-service	ability	dmsfwk	/system/bin/sa_main /system/profile/distributedsched.json			ondemand	true		dms	dms,shell,access_token	u:r:distributedsche:s0	foundation/ability/dmsfwk/etc/init/distributedsched.cfg	component-prefix
ability	distributedsched	system-ability	ability	dmsfwk		1401	libdistributedschedsvr.z.so			false				foundation/ability/dmsfwk/sa_profile/1401.json	component-prefix
ability	quick_fix	init-service	ability	ability_runtime	/system/bin/sa_main /system/profile/quick_fix.json			ondemand	true		quickfixserver	system	u:r:quick_fix:s0	foundation/ability/ability_runtime/services/quickfixmgr/quick_fix.cfg	component-prefix
ability	quick_fix	system-ability	ability	ability_runtime		184	libquickfixms.z.so			false				foundation/ability/ability_runtime/services/sa_profile/184.json	component-prefix
ability	service_router	init-service	ability	ability_runtime	/system/bin/sa_main /system/profile/service_router.json			condition	true		servicerouter	servicerouter	u:r:service_router:s0	foundation/ability/ability_runtime/service_router_framework/services/srms/sa_profile/srms.cfg	component-prefix
ability	service_router	system-ability	ability	ability_runtime		404	libsrms.z.so			false				foundation/ability/ability_runtime/service_router_framework/services/srms/sa_profile/404.json	component-prefix
ai	intell_voice_service	init-service	ai	intelligent_voice_framework	/system/bin/sa_main /system/profile/intell_voice_service.json			ondemand	true		intell_voice	system,intell_voice	u:r:intell_voice_service:s0	foundation/ai/intelligent_voice_framework/services/etc/intell_voice_service.cfg	component-prefix
ai	intell_voice_service	system-ability	ai	intelligent_voice_framework		312	libintell_voice_server.z.so			false				foundation/ai/intelligent_voice_framework/sa_profile/intell_voice_service.json	component-prefix
arkui	ui_sa	init-service	arkui	ace_engine	/system/bin/sa_main /system/profile/16666.json						ui_sa	ui_sa,shell		foundation/arkui/ace_engine/interfaces/inner_api/ui_session/ui_session_sample/ui_sa.cfg	component-prefix
arkui	ui_sa	system-ability	arkui	ace_engine		16666	libui_sa.z.so			true				foundation/arkui/ace_engine/interfaces/inner_api/ui_session/ui_session_sample/16666.json	component-prefix
arkui	ui_service	init-service	arkui	ace_engine	/system/bin/sa_main /system/profile/ui_service.json						uiserver	system,shell	u:r:ui_service:s0	foundation/arkui/ace_engine/adapter/ohos/services/uiservice/ui_service.cfg	component-prefix
arkui	ui_service	system-ability	arkui	ace_engine		7001	libuiservice.z.so			true				foundation/arkui/ace_engine/adapter/ohos/sa_profile/7001.json	component-prefix
arkui	ui_service	system-ability	arkui	ui_appearance		7002	libui_appearance_service.z.so			true				foundation/arkui/ui_appearance/sa_profile/7002.json	component-prefix
barrierfree	accessibility	init-service	barrierfree	accessibility	/system/bin/sa_main /system/profile/accessibility.json						accessibility	accessibility,shell	u:r:accessibility:s0	foundation/barrierfree/accessibility/sa_profile/accessibility.cfg	component-prefix
barrierfree	accessibility	system-ability	barrierfree	accessibility		801	libaccessibleabilityms.z.so			false				foundation/barrierfree/accessibility/sa_profile/801_dynamic.json	component-prefix
barrierfree	accessibility	system-ability	barrierfree	accessibility		801	libaccessibleabilityms.z.so			true				foundation/barrierfree/accessibility/sa_profile/801.json	component-prefix
bundlemanager	app_domain_verify_agent	init-service	bundlemanager	app_domain_verify	/system/bin/sa_main /system/profile/app_domain_verify_agent.json			ondemand	true		app_domain_verify	app_domain_verify,system,shell,netsys_socket	u:r:app_domain_verify_agent:s0	foundation/bundlemanager/app_domain_verify/etc/init/app_domain_verify_agent.cfg	component-prefix
bundlemanager	app_domain_verify_agent	system-ability	bundlemanager	app_domain_verify		6201	libapp_domain_verify_agent_service.z.so			false				foundation/bundlemanager/app_domain_verify/profile/6201.json	component-prefix
bundlemanager	d-bms	init-service	bundlemanager	distributed_bundle_framework	/system/bin/sa_main /system/profile/d-bms.json			condition	true		dbms	dbms,shell	u:r:d-bms:s0	foundation/bundlemanager/distributed_bundle_framework/services/dbms/sa_profile/distributedbms.cfg	component-prefix
bundlemanager	d-bms	system-ability	bundlemanager	distributed_bundle_framework		402	libdbms.z.so			false				foundation/bundlemanager/distributed_bundle_framework/services/dbms/sa_profile/402.json	component-prefix
bundlemanager	installs	init-service	bundlemanager	bundle_framework	/system/bin/sa_main /system/profile/installs.json			ondemand	true		installs	installs,update	u:r:installs:s0	foundation/bundlemanager/bundle_framework/services/bundlemgr/installs_npapi.cfg	component-prefix
bundlemanager	installs	init-service	bundlemanager	bundle_framework	/system/bin/sa_main /system/profile/installs.json			ondemand	true		installs	installs,update	u:r:installs:s0	foundation/bundlemanager/bundle_framework/services/bundlemgr/installs.cfg	component-prefix
bundlemanager	installs	system-ability	bundlemanager	bundle_framework		511	libinstalls.z.so			false				foundation/bundlemanager/bundle_framework/sa_profile/511.json	component-prefix
castplus	cast_engine_service	init-service	castplus	cast_engine	/system/bin/sa_main /system/profile/cast_engine_service.json			ondemand	true		cast_engine_service	cast_engine_service,shell,access_token	u:r:cast_engine_service:s0	foundation/CastEngine/castengine_cast_framework/etc/init/cast_engine_service.cfg	component-prefix
castplus	cast_engine_service	system-ability	castplus	cast_engine		5526	libcast_engine_service.z.so			false				foundation/CastEngine/castengine_cast_framework/sa_profile/5526.json	component-prefix
castplus	sharing_service	init-service	castplus	sharing_framework	/system/bin/sa_main /system/profile/sharing_service.json			boot	false		audio	system,audio,root,vendor_mpp_driver	u:r:sharing_service:s0	foundation/CastEngine/castengine_wifi_display/services/etc/sharing_service.cfg	component-prefix
castplus	sharing_service	system-ability	castplus	sharing_framework		5527	libsharing_service.z.so			true				foundation/CastEngine/castengine_wifi_display/sa_profile/5527.json	component-prefix
castplus	sharing_service	system-ability	castplus	sharing_framework		5528	libsharing_service.z.so			true				foundation/CastEngine/castengine_wifi_display/sa_profile/5528.json	component-prefix
communication	bluetooth_service	init-service	communication	bluetooth_service	/system/bin/sa_main /system/profile/bluetooth_service.json						bluetooth	bluetooth,shell	u:r:bluetooth_service:s0	foundation/communication/bluetooth_service/services/bluetooth/etc/init/bluetooth_service.cfg	component-prefix
communication	bluetooth_service	system-ability	communication	bluetooth_service		1130	libbluetooth_server.z.so			true				foundation/communication/bluetooth_service/sa_profile/1130.json	component-prefix
communication	fusion_ranging	init-service	communication	fusion_connectivity	/system/bin/sa_main /system/profile/fusion_ranging.json			ondemand	true		fusion_ranging	fusion_ranging,shell	u:r:fusion_ranging:s0	foundation/communication/fusion_connectivity/fusion_ranging/services/etc/init/fusion_ranging.cfg	component-prefix
communication	fusion_ranging	system-ability	communication	fusion_connectivity		8631	/system/lib64/libfusion_ranging_server.z.so			false				foundation/communication/fusion_connectivity/fusion_ranging/sa_profile/8631.json	component-prefix
communication	mdnsmanager	init-service	communication	netmanager_ext	/system/bin/sa_main /system/profile/mdnsmanager.json			ondemand	true		net_manager	net_manager,system,shell	u:r:mdnsmanager:s0	foundation/communication/netmanager_ext/services/etc/init/mdnsmanager.cfg	component-prefix
communication	mdnsmanager	system-ability	communication	netmanager_ext		1161	libmdns_manager.z.so			true				foundation/communication/netmanager_ext/sa_profile/1161.json	component-prefix
communication	netmanager	init-service	communication	netmanager_base	/system/bin/sa_main /system/profile/netmanager.json						net_manager	net_manager,system,shell,dhcp,netsys_socket	u:r:netmanager:s0	foundation/communication/netmanager_base/services/etc/init/netmanager_base.cfg	component-prefix
communication	netmanager	system-ability	communication	netmanager_base		1151	libnet_conn_manager.z.so			true				foundation/communication/netmanager_base/sa_profile/1151.json	component-prefix
communication	netmanager	system-ability	communication	netmanager_base		1152	libnet_policy_manager.z.so			true				foundation/communication/netmanager_base/sa_profile/1152.json	component-prefix
communication	netmanager	system-ability	communication	netmanager_base		1153	libnet_stats_manager.z.so			true				foundation/communication/netmanager_base/sa_profile/1153.json	component-prefix
communication	netmanager	system-ability	communication	netmanager_base		1154	libnet_tether_manager.z.so			true				foundation/communication/netmanager_base/sa_profile/1154.json	component-prefix
communication	netmanager	system-ability	communication	netmanager_base		1155	libnet_vpn_manager.z.so			false				foundation/communication/netmanager_base/sa_profile/1155.json	component-prefix
communication	netmanager	system-ability	communication	netmanager_base		1156	libdns_resolver_manager.z.so			true				foundation/communication/netmanager_base/sa_profile/1156.json	component-prefix
communication	netmanager	system-ability	communication	netmanager_base		1157	libethernet_manager.z.so			true				foundation/communication/netmanager_base/sa_profile/1157.json	component-prefix
communication	netmanager	system-ability	communication	netmanager_ext		8300	libnetfirewall_manager.z.so			false				foundation/communication/netmanager_ext/sa_profile/8300.json	component-prefix
communication	netmanager	system-ability	communication	netmanager_ext		8301	libnetworkslice_manager.z.so			true				foundation/communication/netmanager_ext/sa_profile/8301.json	component-prefix
communication	netmanager	system-ability	communication	netmanager_ext		8400	libwearable_distributed_net_manager.z.so			false				foundation/communication/netmanager_ext/sa_profile/8400.json	component-prefix
communication	netsysnative	init-service	communication	netmanager_base	/system/bin/sa_main /system/profile/netsysnative.json						netsysnative	netsysnative,net_manager,system,shell,root,bluetooth,netsys_socket,dev_tun_access	u:r:netsysnative:s0	foundation/communication/netmanager_base/services/etc/init/netsysnative.cfg	component-prefix
communication	netsysnative	system-ability	communication	netmanager_base		1158	libnetsys_native_manager.z.so			true				foundation/communication/netmanager_base/sa_profile/1158.json	component-prefix
communication	nfc_service	init-service	communication	nfc	/system/bin/sa_main /system/profile/nfc_service.json			ondemand	true		nfc	nfc,shell	u:r:nfc_service:s0	foundation/communication/nfc/services/etc/init/nfc_service.cfg	component-prefix
communication	nfc_service	system-ability	communication	nfc		1140	libnfc_service.z.so			false				foundation/communication/nfc/sa_profile/1140.json	component-prefix
communication	nfc_tag_service	init-service	communication	connected_nfc_tag	/system/bin/sa_main /system/profile/nfc_tag_service.json						nfc_tag	nfc_tag,shell	u:r:nfc_tag_service:s0	foundation/communication/connected_nfc_tag/services/etc/init/nfc_tag_service.cfg	component-prefix
communication	nfc_tag_service	system-ability	communication	connected_nfc_tag		1148	libnfc_tag_service.z.so			true				foundation/communication/connected_nfc_tag/sa_profile/1148.json	component-prefix
communication	partner_device_agent	init-service	communication	fusion_connectivity	/system/bin/sa_main /system/profile/partner_device_agent.json			ondemand	true		partner_device_agent	partner_device_agent,shell	u:r:partner_device_agent:s0	foundation/communication/fusion_connectivity/partner_agent/services/etc/init/fusion_connectivity.cfg	component-prefix
communication	partner_device_agent	system-ability	communication	fusion_connectivity		8630	/system/lib64/libpartner_device_agent_server.z.so			false				foundation/communication/fusion_connectivity/partner_agent/sa_profile/8630.json	component-prefix
communication	softbus_server	init-service	communication	dsoftbus	/system/bin/sa_main /system/profile/softbus_server.json						dsoftbus	dsoftbus,system,shell,netsys_socket	u:r:softbus_server:s0	foundation/communication/dsoftbus/core/frame/standard/init/src/softbus_server_musl.cfg	component-prefix
communication	softbus_server	init-service	communication	dsoftbus	/system/bin/sa_main /system/profile/softbus_server.json						dsoftbus	dsoftbus,system,shell,netsys_socket		foundation/communication/dsoftbus/core/frame/standard/init/src/softbus_server.cfg	component-prefix
communication	softbus_server	system-ability	communication	dsoftbus		4700	libsoftbus_server.z.so			true				foundation/communication/dsoftbus/core/frame/standard/sa_profile/4700.json	component-prefix
communication	wifi_hal_service	init-service	communication	wifi	/system/bin/wifi_hal_service			condition			wifi	wifi,shell,dhcp,oeminfo_nvme_server,update,netsys_socket,virt_device	u:r:wifi_hal_service:s0	foundation/communication/wifi/wifi/relation_services/etc/init/wifi_hal_service.cfg	component-prefix
communication	wifi_manager_service	init-service	communication	wifi	/system/bin/sa_main /system/profile/wifi_manager_service.json			ondemand	true		wifi	wifi,shell,dhcp,netsys_socket	u:r:wifi_manager_service:s0	foundation/communication/wifi/wifi/services/wifi_standard/etc/init/wifi_standard.cfg	component-prefix
communication	wifi_manager_service	system-ability	communication	dhcp		1126	libdhcp_client.z.so			false				foundation/communication/dhcp/services/sa_profile/1126.json	component-prefix
communication	wifi_manager_service	system-ability	communication	dhcp		1127	libdhcp_server.z.so			false				foundation/communication/dhcp/services/sa_profile/1127.json	component-prefix
communication	wifi_manager_service	system-ability	communication	wifi		1120	libwifi_device_ability.z.so			false				foundation/communication/wifi/wifi/services/wifi_standard/sa_profile/1120.json	component-prefix
communication	wifi_manager_service	system-ability	communication	wifi		1121	libwifi_hotspot_ability.z.so			false				foundation/communication/wifi/wifi/services/wifi_standard/sa_profile/1121.json	component-prefix
communication	wifi_manager_service	system-ability	communication	wifi		1123	libwifi_p2p_ability.z.so			false				foundation/communication/wifi/wifi/services/wifi_standard/sa_profile/1123.json	component-prefix
communication	wifi_manager_service	system-ability	communication	wifi		1124	libwifi_scan_ability.z.so			false				foundation/communication/wifi/wifi/services/wifi_standard/sa_profile/1124.json	component-prefix
deviceprofile	deviceprofile	init-service	deviceprofile	device_info_manager	/system/bin/sa_main /system/profile/deviceprofile.json			ondemand	true		dms	dms,shell	u:r:distributedsche:s0	foundation/deviceprofile/device_info_manager/etc/init/deviceprofile.cfg	component-prefix
deviceprofile	deviceprofile	system-ability	deviceprofile	device_info_manager		6001	libdistributed_device_profile_svr.z.so			false				foundation/deviceprofile/device_info_manager/sa_profile/6001.json	component-prefix
distributeddatamgr	distributeddata	init-service	distributeddatamgr	datamgr_service	/system/bin/sa_main /system/profile/distributeddata.json						ddms	system,shell,readproc,ddms,dfs_share,data_reserve	u:r:distributeddata:s0	foundation/distributeddatamgr/datamgr_service/services/distributeddataservice/app/distributed_data.cfg	component-prefix
distributeddatamgr	distributeddata	system-ability	distributeddatamgr	datamgr_service		1301	libdistributeddataservice.z.so			true				foundation/distributeddatamgr/datamgr_service/services/distributeddataservice/sa_profile/1301.json	component-prefix
distributeddatamgr	pasteboard_service	init-service	distributeddatamgr	pasteboard	/system/bin/sa_main /system/profile/pasteboard_service.json			ondemand	true		pasteboard	pasteboard,shell,dfs_share,user_data_rw	u:r:pasteboard_service:s0	foundation/distributeddatamgr/pasteboard/etc/init/pasteboardservice.cfg	component-prefix
distributeddatamgr	pasteboard_service	system-ability	distributeddatamgr	pasteboard		3701	libpasteboard_service.z.so			false				foundation/distributeddatamgr/pasteboard/profile/3701.json	component-prefix
distributedhardware	daudio	init-service	distributedhardware	distributed_audio	/system/bin/sa_main /system/profile/daudio.json			ondemand	true		daudio	daudio,system	u:r:daudio:s0	foundation/distributedhardware/distributed_audio/sa_profile/daudio.cfg	component-prefix
distributedhardware	daudio	system-ability	distributedhardware	distributed_audio		4805	libdistributed_audio_source.z.so			false				foundation/distributedhardware/distributed_audio/sa_profile/4805.json	component-prefix
distributedhardware	daudio	system-ability	distributedhardware	distributed_audio		4806	libdistributed_audio_sink.z.so			false				foundation/distributedhardware/distributed_audio/sa_profile/4806.json	component-prefix
distributedhardware	daudio	system-ability	distributedhardware	distributed_audio		4805	libdistributed_audio_source.z.so			false				foundation/distributedhardware/distributed_audio/sa_profile/common/4805.json	component-prefix
distributedhardware	daudio	system-ability	distributedhardware	distributed_audio		4806	libdistributed_audio_sink.z.so			false				foundation/distributedhardware/distributed_audio/sa_profile/common/4806.json	component-prefix
distributedhardware	dcamera	init-service	distributedhardware	distributed_camera	/system/bin/sa_main /system/profile/dcamera.json			ondemand	true		dcamera	dcamera	u:r:dcamera:s0	foundation/distributedhardware/distributed_camera/sa_profile/dcamera.cfg	component-prefix
distributedhardware	dcamera	system-ability	distributedhardware	distributed_camera		4803	libdistributed_camera_source.z.so			false				foundation/distributedhardware/distributed_camera/sa_profile/4803.json	component-prefix
distributedhardware	dcamera	system-ability	distributedhardware	distributed_camera		4804	libdistributed_camera_sink.z.so			false				foundation/distributedhardware/distributed_camera/sa_profile/4804.json	component-prefix
distributedhardware	dcamera	system-ability	distributedhardware	distributed_camera		4803	libdistributed_camera_source.z.so			false				foundation/distributedhardware/distributed_camera/sa_profile/common/4803.json	component-prefix
distributedhardware	dcamera	system-ability	distributedhardware	distributed_camera		4804	libdistributed_camera_sink.z.so			false				foundation/distributedhardware/distributed_camera/sa_profile/common/4804.json	component-prefix
distributedhardware	device_manager	init-service	distributedhardware	device_manager	/system/bin/sa_main /system/profile/device_manager.json						device_manager	device_manager,access_token	u:r:device_manager:s0	foundation/distributedhardware/device_manager/sa_profile/device_manager.cfg	component-prefix
distributedhardware	device_manager	system-ability	distributedhardware	device_manager		4802	libdevicemanagerservice.z.so			true				foundation/distributedhardware/device_manager/sa_profile/4802.json	component-prefix
distributedhardware	dhardware	init-service	distributedhardware	distributed_hardware_fwk	/system/bin/sa_main /system/profile/dhardware.json			ondemand	true		dhardware	dhardware	u:r:dhardware:s0	foundation/distributedhardware/distributed_hardware_fwk/sa_profile/close_source/dhardware.cfg	component-prefix
distributedhardware	dhardware	init-service	distributedhardware	distributed_hardware_fwk	/system/bin/sa_main /system/profile/dhardware.json			ondemand	true		dhardware	dhardware,input,access_token	u:r:dhardware:s0	foundation/distributedhardware/distributed_hardware_fwk/sa_profile/dhardware.cfg	component-prefix
distributedhardware	dhardware	system-ability	distributedhardware	distributed_hardware_fwk		4801	libdistributedhardwarefwksvr.z.so			false				foundation/distributedhardware/distributed_hardware_fwk/sa_profile/4801.json	component-prefix
distributedhardware	dinput	init-service	distributedhardware	distributed_input	/system/bin/sa_main /system/profile/dinput.json			ondemand	true		dinput	dinput,uhid,input	u:r:dinput:s0	foundation/distributedhardware/distributed_input/sa_profile/dinput.cfg	component-prefix
distributedhardware	dinput	system-ability	distributedhardware	distributed_input		4809	libdinput_source.z.so			false				foundation/distributedhardware/distributed_input/sa_profile/4809.json	component-prefix
distributedhardware	dinput	system-ability	distributedhardware	distributed_input		4810	libdinput_sink.z.so			false				foundation/distributedhardware/distributed_input/sa_profile/4810.json	component-prefix
distributedhardware	dscreen	init-service	distributedhardware	distributed_screen	/system/bin/sa_main /system/profile/dscreen.json			ondemand	true		dscreen	dscreen	u:r:dscreen:s0	foundation/distributedhardware/distributed_screen/sa_profile/dscreen.cfg	component-prefix
distributedhardware	dscreen	system-ability	distributedhardware	distributed_screen		4807	libdistributed_screen_source.z.so			false				foundation/distributedhardware/distributed_screen/sa_profile/4807.json	component-prefix
distributedhardware	dscreen	system-ability	distributedhardware	distributed_screen		4808	libdistributed_screen_sink.z.so			false				foundation/distributedhardware/distributed_screen/sa_profile/4808.json	component-prefix
distributedhardware	mechbody	init-service	distributedhardware	mechbody_controller	/system/bin/sa_main /system/profile/mechbody.json			ondemand	true		mechbody	mechbody,shell	u:r:mechbody:s0	foundation/distributedhardware/mechbody_controller/etc/init/mechbody.cfg	component-prefix
distributedhardware	mechbody	system-ability	distributedhardware	mechbody_controller		8550	libmechbody_service.z.so			false				foundation/distributedhardware/mechbody_controller/sa_profile/8550.json	component-prefix
filemanagement	backup_sa	init-service	filemanagement	app_file_service	/system/bin/sa_main /system/profile/backup_sa.json			ondemand	true		backup	backup,log,media_rw,file_manager	u:r:backup_sa:s0	foundation/filemanagement/app_file_service/services/backup.cfg	component-prefix
filemanagement	backup_sa	system-ability	filemanagement	app_file_service		5203	libbackup_sa.z.so			false				foundation/filemanagement/app_file_service/services/5203.json	component-prefix
filemanagement	clouddiskservice	init-service	filemanagement	dfs_service	/system/bin/sa_main /system/profile/clouddiskservice.json			ondemand	true		6161	cloud_disk_service,dfs,file_manager	u:r:clouddiskservice:s0	foundation/filemanagement/dfs_service/services/clouddiskservice.cfg	component-prefix
filemanagement	clouddiskservice	system-ability	filemanagement	dfs_service		5207	libclouddiskservice_sa.z.so			false				foundation/filemanagement/dfs_service/services/5207.json	component-prefix
filemanagement	cloudfiledaemon	init-service	filemanagement	dfs_service	/system/bin/sa_main /system/profile/cloudfiledaemon.json						1009	dfs,user_data_rw,dfs_share,media_rw,readproc	u:r:cloudfiledaemon:s0	foundation/filemanagement/dfs_service/services/cloudfiledaemon.cfg	component-prefix
filemanagement	cloudfiledaemon	system-ability	filemanagement	dfs_service		5205	libcloudfiledaemon.z.so			true				foundation/filemanagement/dfs_service/services/5205.json	component-prefix
filemanagement	cloudfileservice	init-service	filemanagement	dfs_service	/system/bin/sa_main /system/profile/cloudfileservice.json			ondemand	true		dfs	dfs,user_data_rw,dfs_share,media_rw,file_manager	u:r:cloudfiledaemon:s0	foundation/filemanagement/dfs_service/services/distributedfile.cfg	component-prefix
filemanagement	cloudfileservice	system-ability	filemanagement	dfs_service		5204	libcloudsync_sa.z.so			false				foundation/filemanagement/dfs_service/services/5204.json	component-prefix
filemanagement	disk_manager	init-service	filemanagement	disk_manager	/system/bin/sa_main /system/profile/disk_manager.json			ondemand	true		disk_manager	disk_manager	u:r:disk_manager:s0	foundation/filemanagement/disk_manager/services/disk_manager/disk_manager.cfg	component-prefix
filemanagement	disk_manager	system-ability	filemanagement	disk_manager		8640	libdisk_manager_server.z.so			false				foundation/filemanagement/disk_manager/sa_profile/8640.json	component-prefix
filemanagement	distributedfiledaemon	init-service	filemanagement	dfs_service	/system/bin/sa_main /system/profile/distributedfiledaemon.json			ondemand	true		1009	system,dfs,1006,1008,log	u:r:distributedfiledaemon:s0	foundation/filemanagement/dfs_service/services/distributedfile.cfg	component-prefix
filemanagement	distributedfiledaemon	system-ability	filemanagement	dfs_service		5201	libdistributedfiledaemon.z.so			false				foundation/filemanagement/dfs_service/services/5201.json	component-prefix
filemanagement	file_access_service	init-service	filemanagement	user_file_service	/system/bin/sa_main /system/profile/file_access_service.json			ondemand	true		ufs	ufs	u:r:file_access_service:s0	foundation/filemanagement/user_file_service/services/file_access_service.cfg	component-prefix
filemanagement	file_access_service	system-ability	filemanagement	user_file_service		5010	libfile_access_service.z.so			false				foundation/filemanagement/user_file_service/services/5010.json	component-prefix
filemanagement	storage_daemon	init-service	filemanagement	storage_service	/system/bin/storage_daemon			boot			root	root	u:r:storage_daemon:s0	foundation/filemanagement/storage_service/services/storage_daemon/storage_daemon.cfg	component-prefix
filemanagement	storage_manager	init-service	filemanagement	storage_service	/system/bin/sa_main /system/profile/storage_manager.json			boot			storage_manager	storage_manager	u:r:storage_manager:s0	foundation/filemanagement/storage_service/services/storage_manager/storage_manager.cfg	component-prefix
filemanagement	storage_manager	system-ability	filemanagement	storage_service		5003	libstorage_manager.z.so			true				foundation/filemanagement/storage_service/services/storage_manager/sa_profile/5003.json	component-prefix
filemanagement	StorageSpaceMgr	init-service	filemanagement	storage_service	/system/bin/sa_main /system/profile/StorageSpaceMgr.json			ondemand	true		storage_space_manager	storage_space_manager	u:r:storage_space_manager:s0	foundation/filemanagement/storage_service/services/storage_space_manager/etc/storage_space_manager.cfg	component-prefix
filemanagement	StorageSpaceMgr	system-ability	filemanagement	storage_service		8650	libstorage_space_manager.z.so			false				foundation/filemanagement/storage_service/services/storage_space_manager/sa_profile/8650.json	component-prefix
graphic	bootanimation	init-service	graphic	graphic_2d	/system/bin/bootanimation						graphics	graphics,data_reserve	u:r:bootanimation:s0	foundation/graphic/graphic_2d/frameworks/bootanimation/bootanimation.cfg	component-prefix
graphic	render_service	init-service	graphic	graphic_2d	/system/bin/render_service						graphics	system,tp_host,data_reserve,dev_dma_heap,composer_host	u:r:render_service:s0	foundation/graphic/graphic_2d/graphic.cfg	component-prefix
multimedia	audio_server	init-service	multimedia	audio_framework	/system/bin/sa_main /system/profile/audio_server.json			condition			audio	system,audio,input,ueventd,usb_host,data_reserve	u:r:audio_server:s0	foundation/multimedia/audio_framework/services/audio_service/etc/audio_server.cfg	component-prefix
multimedia	audio_server	system-ability	multimedia	audio_framework		3009	libaudio_policy_service.z.so			true				foundation/multimedia/audio_framework/sa_profile/audio_policy.json	component-prefix
multimedia	audio_server	system-ability	multimedia	audio_framework		3001	libaudio_service.z.so			true				foundation/multimedia/audio_framework/sa_profile/pulseaudio.json	component-prefix
multimedia	audio_suite_server	init-service	multimedia	audio_framework	/system/bin/sa_main /system/profile/audio_suite_server.json			ondemand	true		audio_suite_server	audio_suite_server,shell,system	u:r:audio_suite_server:s0	foundation/multimedia/audio_framework/services/audio_suite/etc/audio_suite_server.cfg	component-prefix
multimedia	audio_suite_server	system-ability	multimedia	audio_framework		3015	libaudio_suite_sa_service.z.so			false				foundation/multimedia/audio_framework/sa_profile/audio_suite_server.json	component-prefix
multimedia	av_codec_service	init-service	multimedia	av_codec	/system/bin/sa_main /system/profile/av_codec_service.json			ondemand	true		media	media_rw,system,vcodec,dev_dma_heap,netsys_socket,vendor_mpp_driver	u:r:av_codec_service:s0	foundation/multimedia/av_codec/services/etc/on_demand/process.cfg	component-prefix
multimedia	av_codec_service	init-service	multimedia	av_codec	/system/bin/sa_main /system/profile/av_codec_service.json						media	media_rw,system,vcodec,dev_dma_heap,netsys_socket,vendor_mpp_driver	u:r:av_codec_service:s0	foundation/multimedia/av_codec/services/etc/process.cfg	component-prefix
multimedia	av_codec_service	system-ability	multimedia	av_codec		3011	libav_codec_service.z.so			false				foundation/multimedia/av_codec/services/etc/on_demand/sa_profile.json	component-prefix
multimedia	av_codec_service	system-ability	multimedia	av_codec		3011	libav_codec_service.z.so			true				foundation/multimedia/av_codec/services/etc/sa_profile.json	component-prefix
multimedia	av_session	init-service	multimedia	av_session	/system/bin/sa_main /system/profile/av_session.json						av_session	av_session,access_token	u:r:av_session:s0	foundation/multimedia/av_session/services/etc/avsession_service.cfg	component-prefix
multimedia	av_session	init-service	multimedia	av_session	/system/bin/sa_main /system/profile/av_session.json			ondemand	true		av_session	av_session,access_token	u:r:av_session:s0	foundation/multimedia/av_session/services/etc/on_demand/avsession_service.cfg	component-prefix
multimedia	av_session	system-ability	multimedia	av_session		3010	libavsession_service.z.so			true				foundation/multimedia/av_session/sa_profile/av_session.json	component-prefix
multimedia	av_session	system-ability	multimedia	av_session		3010	libavsession_service.z.so			false				foundation/multimedia/av_session/services/etc/on_demand/av_session.json	component-prefix
multimedia	camera_service	init-service	multimedia	camera_framework	/system/bin/sa_main /system/profile/camera_service.json						cameraserver	user_data_rw,system,shell,access_token	u:r:camera_service:s0	foundation/multimedia/camera_framework/services/etc/camera_service.cfg	component-prefix
multimedia	camera_service	system-ability	multimedia	camera_framework		3008	libcamera_service.z.so			true				foundation/multimedia/camera_framework/sa_profile/3008.json	component-prefix
multimedia	drm_service	init-service	multimedia	drm_framework	/system/bin/sa_main /system/profile/drm_service.json			ondemand	true		drmserver	system,shell,netsys_socket	u:r:drm_service:s0	foundation/multimedia/drm_framework/services/etc/lazy_loading/drm_service.cfg	component-prefix
multimedia	drm_service	init-service	multimedia	drm_framework	/system/bin/sa_main /system/profile/drm_service.json						drmserver	system,shell,netsys_socket	u:r:drm_service:s0	foundation/multimedia/drm_framework/services/etc/resident/drm_service.cfg	component-prefix
multimedia	drm_service	system-ability	multimedia	drm_framework		3012	libdrm_service.z.so			false				foundation/multimedia/drm_framework/sa_profile/lazy_loading/3012.json	component-prefix
multimedia	drm_service	system-ability	multimedia	drm_framework		3012	libdrm_service.z.so			true				foundation/multimedia/drm_framework/sa_profile/resident/3012.json	component-prefix
multimedia	media_monitor	init-service	multimedia	media_foundation	/system/bin/sa_main /system/profile/media_monitor.json						media_monitor	media_monitor	u:r:media_monitor:s0	foundation/multimedia/media_foundation/services/media_monitor/etc/media_monitor.cfg	component-prefix
multimedia	media_monitor	system-ability	multimedia	media_foundation		3013	libmedia_monitor.z.so			true				foundation/multimedia/media_foundation/services/media_monitor/sa_profile/media_monitor.json	component-prefix
multimedia	media_service	init-service	multimedia	player_framework	/system/bin/sa_main /system/profile/media_service.json						media	media_rw,system,netsys_socket,graphics	u:r:media_service:s0	foundation/multimedia/player_framework/services/etc/media_service.cfg	component-prefix
multimedia	media_service	init-service	multimedia	player_framework	/system/bin/sa_main /system/profile/media_service.json			ondemand	true		media	media_rw,system,netsys_socket	u:r:media_service:s0	foundation/multimedia/player_framework/services/etc/on_demand/media_service.cfg	component-prefix
multimedia	media_service	system-ability	multimedia	player_framework		3002	libmedia_service.z.so			true				foundation/multimedia/player_framework/services/etc/3002.json	component-prefix
multimedia	media_service	system-ability	multimedia	player_framework		3002	libmedia_service.z.so			false				foundation/multimedia/player_framework/services/etc/on_demand/3002.json	component-prefix
multimedia	midi_server	init-service	multimedia	midi_framework	/system/bin/sa_main /system/profile/midi_server.json			ondemand	true		midi_server	system,midi_server,audio	u:r:midi_server:s0	foundation/multimedia/midi_framework/services/etc/midi_server.cfg	component-prefix
multimedia	midi_server	system-ability	multimedia	midi_framework		3014	libmidi_service.z.so			false				foundation/multimedia/midi_framework/sa_profile/midi_server.json	component-prefix
multimedia	video_processing_service	init-service	multimedia	video_processing_engine	/system/bin/sa_main /system/profile/video_processing_service.json			ondemand	true		media	system	u:r:video_processing_service:s0	foundation/multimedia/video_processing_engine/services/sa_profile/video_processing_service.cfg	component-prefix
multimedia	video_processing_service	system-ability	multimedia	video_processing_engine		66134	libvideoprocessingservice.z.so			false				foundation/multimedia/video_processing_engine/services/sa_profile/66134.json	component-prefix
multimodalinput	mmi_uinput_service	init-service	multimodalinput	input	/system/bin/uinput_inject			condition			input	input,uhid,input_user_host	u:r:mmi_uinput_service:s0	foundation/multimodalinput/input/multimodalinput.cfg	component-prefix
multimodalinput	mmi_uinput_service	init-service	multimodalinput	input	/system/bin/uinput_inject			condition			input	input,uhid,input_user_host	u:r:mmi_uinput_service:s0	foundation/multimodalinput/input/watch/multimodalinput.cfg	component-prefix
multimodalinput	multimodalinput	init-service	multimodalinput	input	/system/bin/sa_main /system/profile/multimodalinput.json			condition			input	input,tp_host,lcd_host,sensor_host,consumerir_host	u:r:multimodalinput:s0	foundation/multimodalinput/input/multimodalinput.cfg	component-prefix
multimodalinput	multimodalinput	init-service	multimodalinput	input	/system/bin/sa_main /system/profile/multimodalinput.json			condition			input	input,tp_host,lcd_host,sensor_host,consumerir_host	u:r:multimodalinput:s0	foundation/multimodalinput/input/watch/multimodalinput.cfg	component-prefix
multimodalinput	multimodalinput	system-ability	multimodalinput	input		3101	libmmi-server.z.so			true				foundation/multimodalinput/input/sa_profile/3101.json	component-prefix
officeservice	object_editor_service	init-service	officeservice	object_editor	/system/bin/sa_main /system/profile/object_editor_service.json			ondemand	true		object_editor_service	object_editor_service	u:r:ohos_object_editor_service:s0	foundation/officeservice/object_editor/etc/object_editor_service.cfg	component-prefix
officeservice	object_editor_service	system-ability	officeservice	object_editor		66528	libcontent_embed_service.z.so			false				foundation/officeservice/object_editor/sa_profile/66528.json	component-prefix
resourceschedule	concurrent_task_service	init-service	resourceschedule	qos_manager	/system/bin/sa_main /system/profile/concurrent_task_service.json						system	system,shell	u:r:concurrent_task_service:s0	foundation/resourceschedule/qos_manager/etc/init/concurrent_task_service.cfg	component-prefix
resourceschedule	concurrent_task_service	system-ability	resourceschedule	qos_manager		1912	libconcurrentsvc.z.so			true				foundation/resourceschedule/qos_manager/sa_profile/1912.json	component-prefix
resourceschedule	device_usage_stats_service	init-service	resourceschedule	device_usage_statistics										foundation/resourceschedule/device_usage_statistics/init/device_usage_statistics_service.cfg	component-prefix
resourceschedule	memmgrservice	init-service	resourceschedule	memmgr	/system/bin/sa_main /system/profile/memmgrservice.json						memmgr	memmgr,shell	u:r:memmgrservice:s0	foundation/resourceschedule/memmgr/services/memmgrservice/memmgrservice.cfg	component-prefix
resourceschedule	memmgrservice	system-ability	resourceschedule	memmgr		1909	libmemmgrservice.z.so			true				foundation/resourceschedule/memmgr/sa_profile/1909.json	component-prefix
resourceschedule	pin_auth_host	init-service	resourceschedule	resource_schedule_service	/vendor/bin/hdf_devhost									foundation/resourceschedule/resource_schedule_service/ressched/etc/init/resource_schedule_service_has_nice.cfg	component-prefix
resourceschedule	pin_auth_host	init-service	resourceschedule	resource_schedule_service	/vendor/bin/hdf_devhost									foundation/resourceschedule/resource_schedule_service/ressched/etc/init/resource_schedule_service.cfg	component-prefix
resourceschedule	resource_schedule_executor	init-service	resourceschedule	resource_schedule_service	/system/bin/sa_main /system/profile/resource_schedule_executor.json						root	root,system,battery_extra_host	u:r:resource_schedule_executor:s0	foundation/resourceschedule/resource_schedule_service/ressched_executor/etc/init/resource_schedule_executor.cfg	component-prefix
resourceschedule	resource_schedule_executor	system-ability	resourceschedule	resource_schedule_service		1918	libresschedexesvc.z.so			true				foundation/resourceschedule/resource_schedule_service/ressched_executor/sa_profile/1918.json	component-prefix
resourceschedule	resource_schedule_service	init-service	resourceschedule	resource_schedule_service	/system/bin/sa_main /system/profile/resource_schedule_service.json						ressched	ressched,system,battery_extra_host	u:r:resource_schedule_service:s0	foundation/resourceschedule/resource_schedule_service/ressched/etc/init/resource_schedule_service_has_nice.cfg	component-prefix
resourceschedule	resource_schedule_service	init-service	resourceschedule	resource_schedule_service	/system/bin/sa_main /system/profile/resource_schedule_service.json						ressched	ressched,system,battery_extra_host	u:r:resource_schedule_service:s0	foundation/resourceschedule/resource_schedule_service/ressched/etc/init/resource_schedule_service.cfg	component-prefix
resourceschedule	resource_schedule_service	system-ability	resourceschedule	background_task_mgr		1903	libbgtaskmgr_service.z.so			true				foundation/resourceschedule/background_task_mgr/sa_profile/1903.json	component-prefix
resourceschedule	resource_schedule_service	system-ability	resourceschedule	device_standby		1914	libstandby_service.z.so			true				foundation/resourceschedule/device_standby/sa_profile/1914.json	component-prefix
resourceschedule	resource_schedule_service	system-ability	resourceschedule	device_usage_statistics		1907	libusagestatservice.z.so			true				foundation/resourceschedule/device_usage_statistics/sa_profile/1907.json	component-prefix
resourceschedule	resource_schedule_service	system-ability	resourceschedule	resource_schedule_service		1901	libresschedsvc.z.so			true				foundation/resourceschedule/resource_schedule_service/ressched/sa_profile/1901.json	component-prefix
resourceschedule	resource_schedule_service	system-ability	resourceschedule	soc_perf		1906	libsocperf_server.z.so			true				foundation/resourceschedule/soc_perf/sa_profile/1906.json	component-prefix
resourceschedule	resource_schedule_service	system-ability	resourceschedule	work_scheduler		1904	libworkschedservice.z.so			true				foundation/resourceschedule/work_scheduler/sa_profile/1904.json	component-prefix
systemabilitymgr	foundation	init-service	systemabilitymgr	safwk	/system/bin/sa_main /system/profile/foundation.json						foundation	system,appspawn,update,data_reserve,app_install,gameservice_server	u:r:foundation:s0	foundation/systemabilitymgr/safwk/etc/profile/foundation.cfg	component-prefix
systemabilitymgr	foundation	system-ability	ability	ability_runtime		180	libabilityms.z.so			true				foundation/ability/ability_runtime/services/sa_profile/180.json	component-prefix
systemabilitymgr	foundation	system-ability	ability	ability_runtime		182	libdataobsms.z.so			true				foundation/ability/ability_runtime/services/sa_profile/182.json	component-prefix
systemabilitymgr	foundation	system-ability	ability	ability_runtime		183	libupms.z.so			false				foundation/ability/ability_runtime/services/sa_profile/183.json	component-prefix
systemabilitymgr	foundation	system-ability	ability	ability_runtime		185	libagentmgr.z.so			true				foundation/ability/ability_runtime/services/sa_profile/185.json	component-prefix
systemabilitymgr	foundation	system-ability	ability	ability_runtime		501	libappms.z.so			true				foundation/ability/ability_runtime/services/sa_profile/501.json	component-prefix
systemabilitymgr	foundation	system-ability	ability	dmsfwk		1404	libdistributed_ability_manager_svr.z.so			false				foundation/ability/dmsfwk/sa_profile/1404.json	component-prefix
systemabilitymgr	foundation	system-ability	ability	form_fwk		403	libfms.z.so			false				foundation/ability/form_fwk/sa_profile/403_dynamic.json	component-prefix
systemabilitymgr	foundation	system-ability	ability	form_fwk		403	libfms.z.so			true				foundation/ability/form_fwk/sa_profile/403.json	component-prefix
systemabilitymgr	foundation	system-ability	bundlemanager	app_domain_verify		6200	libapp_domain_verify_mgr_service.z.so			true				foundation/bundlemanager/app_domain_verify/profile/6200.json	component-prefix
systemabilitymgr	foundation	system-ability	bundlemanager	bundle_framework		401	libbms.z.so			true				foundation/bundlemanager/bundle_framework/sa_profile/401.json	component-prefix
systemabilitymgr	foundation	system-ability	bundlemanager	ecological_rule_manager		6105	libecologicalrulemgr_service.z.so			true				foundation/bundlemanager/ecological_rule_manager/profile/6105.json	component-prefix
systemabilitymgr	foundation	system-ability	window	window_manager		4606	libwms.z.so			true				foundation/window/window_manager/sa_profile/4606.json	component-prefix
systemabilitymgr	foundation	system-ability	window	window_manager		4607	libwms.z.so			true				foundation/window/window_manager/sa_profile/4607.json	component-prefix
systemabilitymgr	foundation	system-ability	window	window_manager		4607	libscreen_session_manager.z.so			true				foundation/window/window_manager/sa_profile/scene_board/4607.json	component-prefix
systemabilitymgr	samgr	init-service	systemabilitymgr	samgr	/system/bin/samgr			boot			samgr	samgr,system,readproc,data_reserve	u:r:samgr:s0	foundation/systemabilitymgr/samgr/etc/samgr_standard.cfg	component-prefix
systemabilitymgr	selection_service	init-service	systemabilitymgr	selectionfwk	/system/bin/sa_main /system/profile/selection_service.json			ondemand	true		sysselection	sysselection,shell,uhid	u:r:selection_service:s0	foundation/systemabilitymgr/selectionfwk/etc/init/selection_service.cfg	component-prefix
systemabilitymgr	selection_service	system-ability	systemabilitymgr	selectionfwk		8500	libselection_service.z.so			false				foundation/systemabilitymgr/selectionfwk/sa_profile/8500.json	component-prefix
